folder,num_probes,best_single,worst_single,inverted_probes,union_min,union_median,union_min_tpr,union_median_tpr,union_min_fpr,union_median_fpr
swin_cifar100_adaptive_blend_0_01_evade_l1,4,0.8233020688566013,0.5037559775742262,0,0.736088968730259,0.7685850600126343,0.6040429472923279,0.6619077920913696,0.23637500405311584,0.2475000023841858
swin_cifar100_adaptive_blend_0_05_evade_l1,4,0.9439058670246367,0.17827783480732784,1,0.9178594125078963,0.8348018556538219,0.8722678422927856,0.7866076827049255,0.2567499876022339,0.24412499368190765
swin_cifar100_adaptive_blend_0_1_evade_l1,4,0.9375276295009475,0.11275330069488315,1,0.8752318777637398,0.9408123341756159,0.9725837111473083,0.970562219619751,0.23862500488758087,0.24150000512599945
swin_cifar100_badnet_a2a_0_01_evade_l1,4,0.8115370624999999,0.41545235156250004,1,0.6313122265625,0.7438970625,0.421875,0.5797500014305115,0.25837498903274536,0.2653749883174896
swin_cifar100_badnet_a2a_0_05_evade_l1,4,0.49098284375000006,0.32413596875,4,0.3697376484375,0.4133923203125,0.10862500220537186,0.13875000178813934,0.24050000309944153,0.2516250014305115
swin_cifar100_badnet_a2a_0_1_evade_l1,4,0.5874546953125,0.32822646093749996,3,0.455210796875,0.456814828125,0.1588750034570694,0.16387499868869781,0.25475001335144043,0.2686249911785126
swin_cifar100_badnet_a2o_0_01_evade_l1,4,0.9115815066329753,0.6925950568540746,0,0.8771288771320279,0.8965377368919774,0.8234996795654297,0.9468098282814026,0.23025000095367432,0.2447499930858612
swin_cifar100_badnet_a2o_0_05_evade_l1,4,0.9513531822488944,0.7179443619709412,0,0.8774636291850916,0.8072647425773847,0.7857233285903931,0.8635502457618713,0.25,0.25212499499320984
swin_cifar100_badnet_a2o_0_1_evade_l1,4,0.9765718414403032,0.005235233733417571,1,0.9582462728995578,0.9756428616550853,1.0,1.0,0.2643750011920929,0.25037500262260437
swin_cifar100_blend_0_01_evade_l1,4,0.9194853600758054,0.4725670799115604,1,0.751802384712571,0.8599039639924195,0.5570436120033264,0.990903377532959,0.24975000321865082,0.27412500977516174
swin_cifar100_blend_0_05_evade_l1,4,0.9922834333543903,0.5555395293746053,0,0.9789829358812382,0.9612297852179406,0.9988629221916199,0.9977258443832397,0.2473749965429306,0.2591249942779541
swin_cifar100_blend_0_1_evade_l1,4,0.9391469204042957,0.4701708149084018,1,0.8422746446620342,0.9188217861655086,0.9959570169448853,0.9988629221916199,0.24412499368190765,0.24437500536441803
swin_cifar100_bpp_0_01_evade_l1,4,0.9411670404295641,0.7015358259633607,0,0.9039739339861023,0.9160484523057486,0.9320278167724609,0.9399873614311218,0.23925000429153442,0.2409999966621399
swin_cifar100_bpp_0_05_evade_l1,4,0.9573001816171824,0.33452432090966516,1,0.8861790192672141,0.9548051484523059,0.9943146109580994,0.993682861328125,0.2551249861717224,0.2592499852180481
swin_cifar100_bpp_0_1_evade_l1,4,0.978531593493367,0.0039239024005053675,1,0.952198894504106,0.9712362523689199,0.9988629221916199,0.9979785084724426,0.25312501192092896,0.25949999690055847
swin_cifar100_lc_0_01_evade_l1,4,0.7590567593177511,0.41383401768793426,2,0.7158885502210992,0.6864601784586228,0.5872394442558289,0.5286165475845337,0.2593750059604645,0.26225000619888306
swin_cifar100_lc_0_05_evade_l1,4,0.5980821304485155,0.3618356838281743,1,0.5072122473152243,0.5201182959570436,0.25596967339515686,0.13367024064064026,0.2475000023841858,0.2588750123977661
swin_cifar100_lc_0_1_evade_l1,4,0.5889945041061275,0.43103220151610866,2,0.4904766898294378,0.4824291377132028,0.2568540871143341,0.208970308303833,0.24400000274181366,0.2696250081062317
swin_cifar100_lf_0_01_evade_l1,4,0.8315272583701833,0.22035418509159824,1,0.717329469361971,0.782074218256475,0.3950726389884949,0.7519899010658264,0.2562499940395355,0.27012500166893005
swin_cifar100_lf_0_05_evade_l1,4,0.9169291219204042,0.23215450884396716,1,0.8428336939355654,0.8007335360075805,0.844851553440094,0.8349968194961548,0.24525000154972076,0.25462499260902405
swin_cifar100_lf_0_1_evade_l1,4,0.968402479469362,0.10107675300063171,1,0.9335495893872394,0.8949560644346178,0.8951358199119568,0.9427669048309326,0.25200000405311584,0.2345000058412552
swin_cifar100_sig_0_01_evade_l1,4,0.63272281269741,0.4223436591914087,1,0.5583826910928615,0.5530289008212255,0.3538850247859955,0.33101704716682434,0.23787499964237213,0.2383749932050705
swin_cifar100_sig_0_05_evade_l1,4,0.6233975047378395,0.3992070277953253,2,0.5454576516108655,0.5020498183828175,0.31433984637260437,0.24232469499111176,0.22075000405311584,0.24062499403953552
swin_cifar100_sig_0_1_evade_l1,4,0.5846039718888187,0.4101476863550221,2,0.48771456885660136,0.469989000315856,0.27416297793388367,0.21996209025382996,0.2618750035762787,0.2644999921321869
swin_cifar100_tact_0_01_evade_l1,4,0.5189389134554643,0.47452073594440936,3,0.4809487365761213,0.48580519583070125,0.23714466392993927,0.22488945722579956,0.2511250078678131,0.2591249942779541
swin_cifar100_tact_0_05_evade_l1,4,0.5208509238787113,0.47047807169930517,3,0.4804550536955149,0.48192593177511056,0.22880606353282928,0.2135186344385147,0.2511250078678131,0.2552500069141388
swin_cifar100_tact_0_1_evade_l1,4,0.5174953332280481,0.48388665508528106,2,0.49355797536323437,0.49554519109286166,0.23815539479255676,0.22147820889949799,0.24112500250339508,0.23149999976158142
swin_cifar100_wanet_0_01_evade_l1,4,0.5152909033480733,0.43532338913455465,3,0.5190278111181301,0.46568327542640553,0.29993683099746704,0.2240050584077835,0.24574999511241913,0.2447499930858612
swin_cifar100_wanet_0_05_evade_l1,4,0.6740453727100444,0.49099493840808595,2,0.6137771478205938,0.6150540982312066,0.3772583603858948,0.35906505584716797,0.26612499356269836,0.2574999928474426
swin_cifar100_wanet_0_1_evade_l1,4,0.8129860549589387,0.10561870656980417,2,0.6270055037902716,0.5023892766898295,0.3120656907558441,0.2246367633342743,0.2529999911785126,0.25062501430511475
swin_tiny_adaptive_blend_0_01_evade_l1,4,0.7052779636260836,0.2972118513632366,1,0.6696104410101772,0.6753300116220631,0.5338610410690308,0.5442894697189331,0.25687500834465027,0.265625
swin_tiny_adaptive_blend_0_05_evade_l1,4,0.95868516773464,0.24902505811031536,1,0.9299798812664907,0.9382840730619425,0.8920718431472778,0.8933283090591431,0.24787500500679016,0.25099998712539673
swin_tiny_adaptive_blend_0_1_evade_l1,4,0.915821240105541,0.1422625015705491,1,0.8892179686518407,0.8929024610503833,0.8737278580665588,0.8611634373664856,0.2631250023841858,0.2711249887943268
swin_tiny_badnet_a2a_0_01_evade_l1,4,0.85398540625,0.46536069531249996,1,0.6956980234375001,0.74977171875,0.4741249978542328,0.5633749961853027,0.24300000071525574,0.23725000023841858
swin_tiny_badnet_a2a_0_05_evade_l1,4,0.7618309218750001,0.4643613828125,1,0.5823648203125,0.5533590546875,0.281374990940094,0.3006249964237213,0.23737500607967377,0.24712499976158142
swin_tiny_badnet_a2a_0_1_evade_l1,4,0.5677050781249999,0.296819125,3,0.43744184375,0.4292533984375,0.18850000202655792,0.1927500069141388,0.26237499713897705,0.273499995470047
swin_tiny_badnet_a2o_0_01_evade_l1,4,0.988711199585375,0.34587832171127025,2,0.9625694182686266,0.8470721039075262,0.9996230602264404,0.8161829113960266,0.24899999797344208,0.26887500286102295
swin_tiny_badnet_a2o_0_05_evade_l1,4,0.9721236179168239,0.006541203354692802,1,0.9318290692926247,0.9307762517276039,0.9973614811897278,0.9607990980148315,0.2511250078678131,0.2631250023841858
swin_tiny_badnet_a2o_0_1_evade_l1,4,0.9538351708757381,0.006897529526322398,2,0.8500290394521924,0.5553398903756753,0.9863048195838928,0.1899736076593399,0.24762499332427979,0.25699999928474426
swin_tiny_blend_0_01_evade_l1,4,0.996615890815429,0.7809914483603467,0,0.985833278364116,0.9874408217112702,1.0,1.0,0.26899999380111694,0.26600000262260437
swin_tiny_blend_0_05_evade_l1,4,0.9623938779997486,0.004452577271013949,1,0.8757870492524187,0.9407325354944089,1.0,0.9899485111236572,0.25450000166893005,0.2696250081062317
swin_tiny_blend_0_1_evade_l1,4,0.9643608807639149,0.00010568224651338167,2,0.893047077208192,0.6976315491895967,0.9998743534088135,0.5079783797264099,0.2592499852180481,0.2567499876022339
swin_tiny_bpp_0_01_evade_l1,4,0.9877709040080411,0.792557733383591,0,0.9839945423420029,0.91771218117854,0.9797713160514832,0.9737403988838196,0.2592499852180481,0.25725001096725464
swin_tiny_bpp_0_05_evade_l1,4,0.9903579281316749,0.028800257570046468,1,0.9837987027264732,0.9832662159190853,0.9908279776573181,0.9925870299339294,0.2641249895095825,0.25450000166893005
swin_tiny_bpp_0_1_evade_l1,4,0.9968197952004021,0.010753926372659876,1,0.9953408091468776,0.989835461427315,0.9966076016426086,0.9963563084602356,0.2628749907016754,0.2641249895095825
swin_tiny_lc_0_01_evade_l1,4,0.5909185356200528,0.41371991613268,3,0.5257890438497298,0.47322819292624707,0.2873476445674896,0.20505088567733765,0.2515000104904175,0.25337499380111694
swin_tiny_lc_0_05_evade_l1,4,0.7904116094986807,0.44253420655861286,1,0.7287402704485488,0.5857089065837418,0.62105792760849,0.23168739676475525,0.25587499141693115,0.24312500655651093
swin_tiny_lc_0_1_evade_l1,4,0.5546167075009423,0.4137398935167735,2,0.4455091484482975,0.4763673121623319,0.15240608155727386,0.17276039719581604,0.24812500178813934,0.25862500071525574
swin_tiny_lf_0_01_evade_l1,4,0.9080147003392386,0.5427522144741802,0,0.8540667875989446,0.8536439251162207,0.9032541513442993,0.9017464518547058,0.2711249887943268,0.25475001335144043
swin_tiny_lf_0_05_evade_l1,4,0.9757750659630609,0.3673949852368388,1,0.9325758653725342,0.9576633920718683,0.9905766844749451,0.9800226092338562,0.25475001335144043,0.25462499260902405
swin_tiny_lf_0_1_evade_l1,4,0.9779484153159943,0.02657999591657243,1,0.9513465416509612,0.9586762941324287,0.9895715713500977,0.9557733535766602,0.2669999897480011,0.2526249885559082
swin_tiny_sig_0_01_evade_l1,4,0.5442997078778741,0.4322930644553336,1,0.4663769867445659,0.48257557482095736,0.18720944225788116,0.24199019372463226,0.25337499380111694,0.2619999945163727
swin_tiny_sig_0_05_evade_l1,4,0.5775414467897977,0.42154515328558867,2,0.5044335971855761,0.4869583333333334,0.21849478781223297,0.21020229160785675,0.2553749978542328,0.2630000114440918
swin_tiny_sig_0_1_evade_l1,4,0.5747374356074884,0.3730270919713532,1,0.49328765391380824,0.48507724745571046,0.24387486279010773,0.260711133480072,0.2698749899864197,0.2737500071525574
swin_tiny_tact_0_01_evade_l1,4,0.5037210390752607,0.48363398354064585,2,0.4955079783892449,0.4947647238974745,0.2355823665857315,0.23721572756767273,0.2370000034570694,0.2407499998807907
swin_tiny_tact_0_05_evade_l1,4,0.5018878392385978,0.4886198014825983,2,0.49225121717552456,0.494437327239603,0.23633621633052826,0.25568538904190063,0.25062501430511475,0.257874995470047
swin_tiny_tact_0_1_evade_l1,4,0.5025761166603845,0.49397333992963943,3,0.495511001696193,0.4958209338484735,0.2519160807132721,0.23997989296913147,0.25,0.24387499690055847
swin_tiny_wanet_0_01_evade_l1,4,0.6576921723834652,0.358923820517653,1,0.6010662614650082,0.5578793739791431,0.26284709572792053,0.27729615569114685,0.25087499618530273,0.25850000977516174
swin_tiny_wanet_0_05_evade_l1,4,0.9710891757758513,0.046924189596683,3,0.9564624952883529,0.3300616597562508,0.9460987448692322,0.23621058464050293,0.2535000145435333,0.25949999690055847
swin_tiny_wanet_0_1_evade_l1,4,0.9365850059680865,0.020562217301168487,3,0.8760093761779117,0.2915897725844956,0.8552582263946533,0.2139715999364853,0.2541249990463257,0.25687500834465027
vit_cifar100_adaptive_blend_0_01_evade_l1,4,0.8740167403663929,0.39555410612760583,1,0.7468878711307644,0.5313215492735313,0.5946936011314392,0.2502842843532562,0.265625,0.26249998807907104
vit_cifar100_adaptive_blend_0_05_evade_l1,4,0.9659273926089703,0.14232845862286797,1,0.9337582991156032,0.9170208385975995,0.9504737854003906,0.8965255618095398,0.2581250071525574,0.2593750059604645
vit_cifar100_adaptive_blend_0_1_evade_l1,4,0.945517980101074,0.1544599968414403,1,0.9221731522425773,0.9284259949463045,0.9324068427085876,0.8956412076950073,0.25099998712539673,0.24674999713897705
vit_cifar100_badnet_a2a_0_01_evade_l1,4,0.8249385156249999,0.44323532031250007,1,0.6628034140625001,0.74418265625,0.4358749985694885,0.6087499856948853,0.23262499272823334,0.25462499260902405
vit_cifar100_badnet_a2a_0_05_evade_l1,4,0.603891515625,0.3667358125,2,0.40119490625,0.48408713281250004,0.10612499713897705,0.19975000619888306,0.25874999165534973,0.2685000002384186
vit_cifar100_badnet_a2a_0_1_evade_l1,4,0.52212625,0.3153687421875,3,0.351762703125,0.3703497578125,0.10562500357627869,0.11262500286102295,0.26750001311302185,0.27649998664855957
vit_cifar100_badnet_a2o_0_01_evade_l1,4,0.9730808117498422,0.013548215413771318,1,0.9140942435249526,0.6259464624131397,0.9967150688171387,0.1638660728931427,0.2697499990463257,0.2566249966621399
vit_cifar100_badnet_a2o_0_05_evade_l1,4,0.9805373025900188,0.0022478048010107425,1,0.9358530006317121,0.8065411481364497,0.9954516887664795,0.9292482733726501,0.2590000033378601,0.24962499737739563
vit_cifar100_badnet_a2o_0_1_evade_l1,4,0.9857090571699304,0.00040595388502842877,1,0.952157698989261,0.7886116077068857,0.9989892840385437,0.6458622813224792,0.2762500047683716,0.27000001072883606
vit_cifar100_blend_0_01_evade_l1,4,0.9729256317119394,0.36691917245735944,1,0.9312984365129501,0.8683154611497158,0.9981048703193665,0.998736560344696,0.27512499690055847,0.2711249887943268
vit_cifar100_blend_0_05_evade_l1,4,0.9920016029690462,0.6516407375236892,0,0.9610952621604548,0.8907653348073279,1.0,0.9852179288864136,0.2626250088214874,0.2535000145435333
vit_cifar100_blend_0_1_evade_l1,4,0.9746217545799114,0.003012018319646232,2,0.9263261528742893,0.7820632738471257,0.9879974722862244,0.9842072129249573,0.2542499899864197,0.24937500059604645
vit_cifar100_bpp_0_01_evade_l1,4,0.970684491471889,0.5205863945041062,0,0.94082114655717,0.8430860470625394,0.9631080031394958,0.7502210736274719,0.25212499499320984,0.2433750033378601
vit_cifar100_bpp_0_05_evade_l1,4,0.9804659033480733,0.08848448357548958,1,0.958517458938724,0.9268393082754264,0.978269100189209,0.9502211213111877,0.2485000044107437,0.27799999713897705
vit_cifar100_bpp_0_1_evade_l1,4,0.9098136212886923,0.05733292008843967,1,0.823724249842072,0.8106848783954517,0.9019582867622375,0.7078964114189148,0.23787499964237213,0.2671250104904175
vit_cifar100_lc_0_01_evade_l1,4,0.725662468414403,0.3437938092229943,3,0.6448228916614024,0.49642756632975366,0.5183827877044678,0.1698041707277298,0.26887500286102295,0.28212499618530273
vit_cifar100_lc_0_05_evade_l1,3,0.5061348547062539,0.3818632975363234,2,0.3943535454832596,0.42154584649399873,0.11585596948862076,0.09159822762012482,0.2460000067949295,0.25862500071525574
vit_cifar100_lc_0_1_evade_l1,4,0.5015970862286796,0.40253776847757416,3,0.4554903348073278,0.38759020056854077,0.29058748483657837,0.0771951973438263,0.2643750011920929,0.26124998927116394
vit_cifar100_lf_0_01_evade_l1,4,0.8958387792166771,0.20635316645609603,1,0.7981011370814909,0.6658368051168667,0.7168667316436768,0.40897029638290405,0.23662500083446503,0.2565000057220459
vit_cifar100_lf_0_05_evade_l1,4,0.9806686986734049,0.03824007422615287,1,0.9444776847757421,0.8880212176247632,0.9838281869888306,0.9816803336143494,0.2498749941587448,0.25874999165534973
vit_cifar100_lf_0_1_evade_l1,4,0.9602416061276059,0.009193746051800379,1,0.9194370183196463,0.9211794219835755,0.9430195689201355,0.969172477722168,0.2486249953508377,0.25575000047683716
vit_cifar100_sig_0_01_evade_l1,4,0.4396624289324068,0.43150180827542645,4,0.4157751026531902,0.40988210675931774,0.17624762654304504,0.15578016638755798,0.2722499966621399,0.27537500858306885
vit_cifar100_sig_0_05_evade_l1,4,0.4560523531269741,0.43260142135186364,4,0.438951958307012,0.4259225679090335,0.17725837230682373,0.15628553926944733,0.25862500071525574,0.27549999952316284
vit_cifar100_sig_0_1_evade_l1,4,0.4882667877447883,0.38358436512950095,4,0.4666314039797852,0.44744949463044853,0.22590018808841705,0.16816172003746033,0.2747499942779541,0.25037500262260437
vit_cifar100_tact_0_01_evade_l1,4,0.48859821541377135,0.4410238866077069,4,0.4611276373973468,0.4543203806064434,0.22173088788986206,0.21339228749275208,0.27412500977516174,0.2683750092983246
vit_cifar100_tact_0_05_evade_l1,4,0.49001000473783957,0.46768948199620974,4,0.4628823199620973,0.4651885344283007,0.22122551500797272,0.21718256175518036,0.27512499690055847,0.2681249976158142
vit_cifar100_tact_0_1_evade_l1,4,0.49296204200884397,0.4566434617814277,4,0.4696817119393557,0.46613136449778897,0.22387871146202087,0.20960202813148499,0.2535000145435333,0.2548750042915344
vit_cifar100_wanet_0_01_evade_l1,4,0.512617427353127,0.4936156427668983,1,0.5235953253316489,0.5083909112444726,0.2833859622478485,0.278205931186676,0.24799999594688416,0.25037500262260437
vit_cifar100_wanet_0_05_evade_l1,4,0.5689602258370183,0.2650841756159192,3,0.43623547852179406,0.41730868603916615,0.16234996914863586,0.09879975020885468,0.234375,0.23762500286102295
vit_cifar100_wanet_0_1_evade_l1,4,0.45178743682880607,0.19660252684775742,4,0.29826685091598226,0.2898107943777637,0.07226784527301788,0.06355021893978119,0.2537499964237213,0.257750004529953
vit_tiny_adaptive_blend_0_01_evade_l1,4,0.7608793661263977,0.2799665080412112,1,0.6995416038447041,0.7040492288604097,0.5804749131202698,0.5799723863601685,0.27175000309944153,0.27162501215934753
vit_tiny_adaptive_blend_0_05_evade_l1,4,0.8572273448297525,0.1501259501821837,1,0.8174097719562758,0.8396089097248398,0.8224651217460632,0.8386731743812561,0.25337499380111694,0.25975000858306885
vit_tiny_adaptive_blend_0_1_evade_l1,4,0.8824333458977259,0.08892791179796457,1,0.8298237529840433,0.8500510114335972,0.8533735275268555,0.8737278580665588,0.27012500166893005,0.25949999690055847
vit_tiny_badnet_a2a_0_01_evade_l1,4,0.4986905234375,0.49651790625,4,0.49657828125000003,0.49707726562500004,0.2607499957084656,0.24762499332427979,0.265749990940094,0.2536250054836273
vit_tiny_badnet_a2a_0_05_evade_l1,4,0.5922962499999999,0.46802149218749994,1,0.47106085937500003,0.5118237031249999,0.12212499976158142,0.2004999965429306,0.26512500643730164,0.26774999499320984
vit_tiny_badnet_a2a_0_1_evade_l1,4,0.582403328125,0.3127501640625,3,0.445642640625,0.43723596093749995,0.12549999356269836,0.16087499260902405,0.25850000977516174,0.2641249895095825
vit_tiny_badnet_a2o_0_01_evade_l1,4,0.9317278788164342,0.169998060371906,1,0.8208306948109059,0.8955076642794322,0.9802739024162292,0.994597315788269,0.25837498903274536,0.2683750092983246
vit_tiny_badnet_a2o_0_05_evade_l1,4,0.9280436298529965,0.017414703480336725,2,0.7987495995099887,0.6777895150144491,0.9239854216575623,0.5667797327041626,0.2540000081062317,0.25999999046325684
vit_tiny_badnet_a2o_0_1_evade_l1,4,0.931712134062068,0.005494730807890437,1,0.8145458364744314,0.895594939690916,0.9851740002632141,0.9556477069854736,0.2553749978542328,0.257874995470047
vit_tiny_blend_0_01_evade_l1,4,0.9012691764040708,0.38548076862671193,1,0.7625932120869456,0.8062920593039327,0.6497047543525696,0.8812664747238159,0.25712499022483826,0.24924999475479126
vit_tiny_blend_0_05_evade_l1,4,0.9415904086568665,0.07780897411735144,1,0.8600023165598694,0.940593738220882,1.0,1.0,0.2639999985694885,0.2536250054836273
vit_tiny_blend_0_1_evade_l1,4,0.9396375800980024,0.18610287881643423,1,0.8843028097122754,0.9460697794949113,0.9978640675544739,0.9976127743721008,0.27137500047683716,0.2772499918937683
vit_tiny_bpp_0_01_evade_l1,4,0.9335344656992085,0.05091184508104033,1,0.8517251460610631,0.9083380842442518,0.967960774898529,0.9682120680809021,0.2694999873638153,0.27149999141693115
vit_tiny_bpp_0_05_evade_l1,4,0.9719519176404071,0.4498439895087322,1,0.9194766773464004,0.9330729755622565,0.9908279776573181,0.9888176918029785,0.24650000035762787,0.25612500309944153
vit_tiny_bpp_0_1_evade_l1,4,0.966274288541274,0.20562317816308584,1,0.8902425084809651,0.9529814596683001,0.9948486089706421,0.9890689849853516,0.2616249918937683,0.2759999930858612
vit_tiny_lc_0_01_evade_l1,4,0.6957666399673326,0.2457532196255811,2,0.6469243152406081,0.6291582014072119,0.36838799715042114,0.45081040263175964,0.2683750092983246,0.2588750123977661
vit_tiny_lc_0_05_evade_l1,4,0.6153791226912929,0.3698999089081543,2,0.5986071664153787,0.48284146877748463,0.3516773581504822,0.1260208636522293,0.24637499451637268,0.2565000057220459
vit_tiny_lc_0_1_evade_l1,4,0.7027742649830381,0.24901099384344766,2,0.6318476253298153,0.5234817502198769,0.3938937187194824,0.13644930720329285,0.2591249942779541,0.26737499237060547
vit_tiny_lf_0_01_evade_l1,4,0.8304588908782511,0.05885166949365498,1,0.7749949192737781,0.7579373193868576,0.7615278363227844,0.7044854760169983,0.26887500286102295,0.28037500381469727
vit_tiny_lf_0_05_evade_l1,4,0.8575416823721573,0.23875661986430458,1,0.7624320344892574,0.8091643029903255,0.7267244458198547,0.8034929037094116,0.25600001215934753,0.2601250112056732
vit_tiny_lf_0_1_evade_l1,4,0.8585043661263979,0.1848856169116723,1,0.7467214945344893,0.7545967772333207,0.6515893936157227,0.7375298142433167,0.26350000500679016,0.27274999022483826
vit_tiny_sig_0_01_evade_l1,4,0.5356866361980148,0.3998808267370273,1,0.5073742932529213,0.48880697952004015,0.2119612991809845,0.19311471283435822,0.24637499451637268,0.25075000524520874
vit_tiny_sig_0_05_evade_l1,4,0.5403768139841689,0.3686096321774092,2,0.5298877764166352,0.4826040253172509,0.2605854868888855,0.18318884074687958,0.25562500953674316,0.2528750002384186
vit_tiny_sig_0_1_evade_l1,4,0.5224299692172384,0.43796290363110946,2,0.48726492021610757,0.45715539797713284,0.2340746372938156,0.20643296837806702,0.26887500286102295,0.2771250009536743
vit_tiny_tact_0_01_evade_l1,4,0.500365152657369,0.484780280185953,3,0.49026636512124644,0.4911555314738033,0.2360849380493164,0.24249278008937836,0.25200000405311584,0.25437501072883606
vit_tiny_tact_0_05_evade_l1,4,0.5022365089835407,0.4802511229425807,3,0.4888183110315366,0.4870692612137203,0.24286970496177673,0.25116220116615295,0.2643750011920929,0.27125000953674316
vit_tiny_tact_0_1_evade_l1,4,0.5023708694559619,0.47406215447920597,3,0.4813727384093479,0.48325895212966447,0.21258951723575592,0.21874608099460602,0.2515000104904175,0.2462500035762787
vit_tiny_wanet_0_01_evade_l1,4,0.5228761936172885,0.43631439251162213,3,0.4718104111697449,0.4821671142731499,0.22213846445083618,0.22917452454566956,0.26387500762939453,0.2591249942779541
vit_tiny_wanet_0_05_evade_l1,4,0.638953166226913,0.1572653285588642,3,0.502235095489383,0.41355814957909287,0.1843196451663971,0.16974493861198425,0.2498749941587448,0.2631250023841858
vit_tiny_wanet_0_1_evade_l1,4,0.7773249937178038,0.040687586380198516,2,0.6911768124136198,0.5979500329815304,0.5822339653968811,0.4361100494861603,0.2540000081062317,0.2773750126361847
