folder,confidence_auroc,logit_psu_auroc,clean_confidence_mean,backdoor_confidence_mean,n_clean,n_backdoor,architecture,backdoored
swin_cifar100_adaptive_blend_0_01,0.18373881684304452,0.18335126575837957,0.9437640905380249,0.8287113308906555,7915,7915,swin,True
swin_cifar100_adaptive_blend_0_01_evade_l1,0.20170169548611291,0.18926449655192232,0.922423779964447,0.8124328851699829,7915,7915,swin,True
swin_cifar100_adaptive_blend_0_05,0.30406591034159935,0.30293421616041255,0.9489976763725281,0.9497179985046387,7915,7915,swin,True
swin_cifar100_adaptive_blend_0_05_evade_l1,0.34346440724230004,0.33539426526873295,0.9158482551574707,0.911201000213623,7915,7915,swin,True
swin_cifar100_adaptive_blend_0_1,0.3910958945108901,0.3890492116769737,0.94500333070755,0.9701334834098816,7915,7915,swin,True
swin_cifar100_adaptive_blend_0_1_evade_l1,0.48831112631086215,0.4849891914605954,0.919543445110321,0.97158282995224,7915,7915,swin,True
swin_cifar100_badnet_a2a_0_01_evade_l1,0.09854346875,0.153112984375,0.9185590744018555,0.5783360600471497,8000,8000,swin,True
swin_cifar100_badnet_a2a_0_05_evade_l1,0.2885687109375,0.293012203125,0.9238748550415039,0.8383573293685913,8000,8000,swin,True
swin_cifar100_badnet_a2a_0_1,0.4016003125,0.40249528124999995,0.9482496380805969,0.9190202355384827,8000,8000,swin,True
swin_cifar100_badnet_a2a_0_1_evade_l1,0.375973890625,0.3767363359375,0.9182034730911255,0.8781951665878296,8000,8000,swin,True
swin_cifar100_badnet_a2o_0_005,0.8401012814214837,0.8400814880467571,0.9496170878410339,0.9999723434448242,7915,7915,swin,True
swin_cifar100_badnet_a2o_0_01,0.9094241684288489,0.90942415246645,0.947289228439331,0.9999974370002747,7915,7915,swin,True
swin_cifar100_badnet_a2o_0_01_evade_l1,0.4884227513668802,0.48602948494526294,0.9188313484191895,0.993738055229187,7915,7915,swin,True
swin_cifar100_badnet_a2o_0_05,0.9582092582712165,0.9582092582712163,0.9458778500556946,0.9999992847442627,7915,7915,swin,True
swin_cifar100_badnet_a2o_0_05_evade_l1,0.8054962689887699,0.8053653693359921,0.912900984287262,0.9992039799690247,7915,7915,swin,True
swin_cifar100_badnet_a2o_0_1,0.9900867037606216,0.9900866877982224,0.9418891668319702,0.9999998807907104,7915,7915,swin,True
swin_cifar100_badnet_a2o_0_1_evade_l1,0.7800445670179323,0.7800204159082864,0.9014617204666138,0.9995238780975342,7915,7915,swin,True
swin_cifar100_benign,0.4925220869719289,0.4928001998492352,0.9493740797042847,0.9473474621772766,7915,7915,swin,False
swin_cifar100_blend_0_005,0.7641942081233448,0.7641835851468282,0.9494303464889526,0.9989711046218872,7915,7915,swin,True
swin_cifar100_blend_0_01,0.7438492127943417,0.7438114058523742,0.9436854720115662,0.9995747804641724,7915,7915,swin,True
swin_cifar100_blend_0_01_evade_l1,0.741776670874089,0.7416900269724636,0.9225636720657349,0.9994322061538696,7915,7915,swin,True
swin_cifar100_blend_0_05,0.8650762902905914,0.8650753724526505,0.9436029195785522,0.9999945163726807,7915,7915,swin,True
swin_cifar100_blend_0_05_evade_l1,0.883438157077189,0.8834204627579274,0.9008699655532837,0.9997127652168274,7915,7915,swin,True
swin_cifar100_blend_0_1,0.8790751864907026,0.8790751226411065,0.9441450834274292,0.999996542930603,7915,7915,swin,True
swin_cifar100_blend_0_1_evade_l1,0.9536900796483802,0.9536870627549744,0.9111670851707458,0.9999716281890869,7915,7915,swin,True
swin_cifar100_bpp_0_005,0.6966905317833312,0.6966955200330103,0.9463509917259216,0.9940091967582703,7915,7915,swin,True
swin_cifar100_bpp_0_01,0.7598105183429912,0.7598677515245088,0.9485249519348145,0.9985591769218445,7915,7915,swin,True
swin_cifar100_bpp_0_01_evade_l1,0.528933867381995,0.5282058702520342,0.9176466464996338,0.9824215769767761,7915,7915,swin,True
swin_cifar100_bpp_0_05,0.5029248382510159,0.5022618878968701,0.9479837417602539,0.9990705251693726,7915,7915,swin,True
swin_cifar100_bpp_0_05_evade_l1,0.6765431270100152,0.6762593155562757,0.9197976589202881,0.9967532157897949,7915,7915,swin,True
swin_cifar100_bpp_0_1,0.7966830773430108,0.7967257448354657,0.9467031955718994,0.9994580149650574,7915,7915,swin,True
swin_cifar100_bpp_0_1_evade_l1,0.9410636863803624,0.9411012698487443,0.9077514410018921,0.9991011619567871,7915,7915,swin,True
swin_cifar100_lc_0_01,0.5445606968225648,0.5440579451045118,0.9474834203720093,0.9941172003746033,7915,7915,swin,True
swin_cifar100_lc_0_01_evade_l1,0.2504057681724929,0.24469613777785051,0.9245880842208862,0.8503071069717407,7915,7915,swin,True
swin_cifar100_lc_0_05,0.2825772809569777,0.2806940211637467,0.9468267560005188,0.9335333108901978,7915,7915,swin,True
swin_cifar100_lc_0_05_evade_l1,0.2552760557231386,0.2368851692952082,0.920441746711731,0.8703760504722595,7915,7915,swin,True
swin_cifar100_lc_0_1,0.2960044359506746,0.2948367944470006,0.9504044651985168,0.9358412027359009,7915,7915,swin,True
swin_cifar100_lc_0_1_evade_l1,0.2585870962361062,0.2526941775952566,0.9224405288696289,0.8296670317649841,7915,7915,swin,True
swin_cifar100_lf_0_005,0.665763024619207,0.6657559612576615,0.9486786127090454,0.9895674586296082,7915,7915,swin,True
swin_cifar100_lf_0_01,0.6821767763855462,0.6817107461663305,0.9447310566902161,0.9883977174758911,7915,7915,swin,True
swin_cifar100_lf_0_01_evade_l1,0.6404597170904218,0.6398219474206559,0.9174177646636963,0.9779901504516602,7915,7915,swin,True
swin_cifar100_lf_0_05,0.7613572189350766,0.7612554905664217,0.9444372057914734,0.9958862662315369,7915,7915,swin,True
swin_cifar100_lf_0_05_evade_l1,0.5276265947933048,0.5254813042397328,0.9069558382034302,0.9862064123153687,7915,7915,swin,True
swin_cifar100_lf_0_1,0.6573691572132685,0.6573455408439879,0.9393889904022217,0.998980700969696,7915,7915,swin,True
swin_cifar100_lf_0_1_evade_l1,0.7509377230994667,0.7502851802294515,0.9116563200950623,0.9925049543380737,7915,7915,swin,True
swin_cifar100_sig_0_01_evade_l1,0.2941628779247604,0.3043938338849007,0.9113884568214417,0.7859848737716675,7915,7915,swin,True
swin_cifar100_sig_0_05_evade_l1,0.307672925656324,0.31260880270434965,0.9188863635063171,0.816198468208313,7915,7915,swin,True
swin_cifar100_sig_0_1_evade_l1,0.3296986418791894,0.3482470452601851,0.879525899887085,0.7590799927711487,7915,7915,swin,True
swin_cifar100_tact_0_01_evade_l1,0.4151333279327216,0.41460513215070577,0.9196808934211731,0.8972386717796326,7915,7915,swin,True
swin_cifar100_tact_0_05_evade_l1,0.41291647794455383,0.41199480902785396,0.9187799096107483,0.8948362469673157,7915,7915,swin,True
swin_cifar100_tact_0_1_evade_l1,0.4490246934321512,0.4476976913183305,0.9170182347297668,0.9039005637168884,7915,7915,swin,True
swin_cifar100_wanet_0_01,0.40333836814000934,0.4033201710051802,0.9452093243598938,0.921416699886322,7915,7915,swin,True
swin_cifar100_wanet_0_01_evade_l1,0.40162762995487833,0.4057462800626843,0.9060232639312744,0.8628362417221069,7915,7915,swin,True
swin_cifar100_wanet_0_05,0.42598794280193575,0.4260123892159629,0.9455269575119019,0.9584538340568542,7915,7915,swin,True
swin_cifar100_wanet_0_05_evade_l1,0.29230139084372847,0.28110909940544054,0.8763490915298462,0.7808049917221069,7915,7915,swin,True
swin_cifar100_wanet_0_1,0.4104539666361918,0.4094768283830609,0.9466604590415955,0.9719667434692383,7915,7915,swin,True
swin_cifar100_wanet_0_1_evade_l1,0.6823885575139202,0.6807639524336473,0.9065195918083191,0.9704204797744751,7915,7915,swin,True
swin_cifar10_adaptive_blend_0_05,0.08891801697530866,0.08942987075617283,0.9870042204856873,0.9227505326271057,7200,7200,swin,True
swin_cifar10_adaptive_blend_0_1,0.24162984182098762,0.2410579089506173,0.9779303669929504,0.9817528128623962,7200,7200,swin,True
swin_cifar10_badnet_a2a_0_01,0.126034296875,0.1250334609375,0.9853001236915588,0.9244384765625,8000,8000,swin,True
swin_cifar10_badnet_a2a_0_05,0.43061108593749997,0.4305501171875,0.9873923063278198,0.9828356504440308,8000,8000,swin,True
swin_cifar10_badnet_a2a_0_1,0.39998262500000004,0.399931546875,0.9877566695213318,0.9858806133270264,8000,8000,swin,True
swin_cifar10_badnet_a2o_0_005,0.3519936053240741,0.3519765528549383,0.9877387285232544,0.9997961521148682,7200,7200,swin,True
swin_cifar10_badnet_a2o_0_01,0.4719649884259259,0.47196223958333333,0.9874093532562256,0.999943733215332,7200,7200,swin,True
swin_cifar10_badnet_a2o_0_05,0.6215353877314815,0.6215354166666667,0.9844992160797119,0.9999532699584961,7200,7200,swin,True
swin_cifar10_badnet_a2o_0_1,0.5983097511574074,0.5983023726851853,0.9843606352806091,0.9999160170555115,7200,7200,swin,True
swin_cifar10_blend_0_005,0.47084456018518517,0.4708427662037038,0.9882192015647888,0.9999217391014099,7200,7200,swin,True
swin_cifar10_blend_0_01,0.9309846450617284,0.9309846450617284,0.9864302277565002,0.9999933242797852,7200,7200,swin,True
swin_cifar10_blend_0_05,0.7240330343364197,0.7240311246141975,0.9863145351409912,0.9999773502349854,7200,7200,swin,True
swin_cifar10_blend_0_1,0.9725138695987654,0.9725138695987654,0.9870134592056274,0.9999960660934448,7200,7200,swin,True
swin_cifar10_bpp_0_005,0.8033165702160494,0.8033046585648147,0.9866575598716736,0.9981703758239746,7200,7200,swin,True
swin_cifar10_bpp_0_01,0.7179707561728395,0.7179587673611112,0.9879559278488159,0.9986602067947388,7200,7200,swin,True
swin_cifar10_bpp_0_05,0.9403761188271604,0.9403721643518518,0.9850128889083862,0.9999533295631409,7200,7200,swin,True
swin_cifar10_bpp_0_1,0.9696281153549383,0.9696248456790123,0.9864374995231628,0.9999609589576721,7200,7200,swin,True
swin_cifar10_lc_0_1,0.5352424093364198,0.5358879436728395,0.987282395362854,0.9699627161026001,7200,7200,swin,True
swin_cifar10_lf_0_005,0.41407900270061726,0.41468378665123456,0.9825871586799622,0.9678964614868164,7200,7200,swin,True
swin_cifar10_lf_0_01,0.3743207465277778,0.3743152488425926,0.9856984615325928,0.9969888925552368,7200,7200,swin,True
swin_cifar10_lf_0_05,0.500511612654321,0.5005293016975308,0.9847964644432068,0.9992867112159729,7200,7200,swin,True
swin_cifar10_lf_0_1,0.8161708622685185,0.8161660976080246,0.9862257242202759,0.9993455410003662,7200,7200,swin,True
swin_cifar10_sig_0_1,0.6651455150462964,0.6654593942901235,0.984775960445404,0.9814469218254089,7200,7200,swin,True
swin_cifar10_wanet_0_05,0.3083589120370371,0.3082491030092593,0.9839385151863098,0.9886345863342285,7200,7200,swin,True
swin_cifar10_wanet_0_1,0.27112759452160495,0.2709316358024691,0.985984742641449,0.9890038967132568,7200,7200,swin,True
swin_tiny_adaptive_blend_0_01_evade_l1,0.3285418622305126,0.31483255346169536,0.8777167797088623,0.833149790763855,7959,7959,swin,True
swin_tiny_adaptive_blend_0_05_evade_l1,0.36380196149442295,0.33805476019746317,0.8787774443626404,0.8984765410423279,7959,7959,swin,True
swin_tiny_adaptive_blend_0_1_evade_l1,0.4326999736572411,0.4142955381598944,0.8667193055152893,0.9056637287139893,7959,7959,swin,True
swin_tiny_badnet_a2a_0_01_evade_l1,0.1354941640625,0.2308703828125,0.8744853734970093,0.530605137348175,8000,8000,swin,True
swin_tiny_badnet_a2a_0_05_evade_l1,0.2788325625,0.3006856875,0.8771718144416809,0.7411581873893738,8000,8000,swin,True
swin_tiny_badnet_a2a_0_1_evade_l1,0.3909083203125,0.39620981250000004,0.8842929005622864,0.8428519368171692,8000,8000,swin,True
swin_tiny_badnet_a2o_0_01_evade_l1,0.3917928753500969,0.358799899870048,0.8745167851448059,0.9640397429466248,7959,7959,swin,True
swin_tiny_badnet_a2o_0_05_evade_l1,0.8144181684620297,0.8138866405114502,0.8812921643257141,0.9971553683280945,7959,7959,swin,True
swin_tiny_badnet_a2o_0_1_evade_l1,0.7776807545884621,0.7774869134329774,0.8639397621154785,0.9991247653961182,7959,7959,swin,True
swin_tiny_blend_0_01_evade_l1,0.6235555191205537,0.6231614591056335,0.8796932101249695,0.9987170696258545,7959,7959,swin,True
swin_tiny_blend_0_05_evade_l1,0.8871709817122337,0.8871625596700112,0.8751336932182312,0.9998764395713806,7959,7959,swin,True
swin_tiny_blend_0_1_evade_l1,0.9756587745895413,0.975640817564184,0.8773503303527832,0.9999541640281677,7959,7959,swin,True
swin_tiny_bpp_0_01_evade_l1,0.07183575783169811,0.15610979855122245,0.8665816187858582,0.4164842665195465,7959,7959,swin,True
swin_tiny_bpp_0_05_evade_l1,0.8524689473304423,0.851961793575161,0.8760561943054199,0.9926494359970093,7959,7959,swin,True
swin_tiny_bpp_0_1_evade_l1,0.9050355540419559,0.9045023921993989,0.8658533096313477,0.9980093240737915,7959,7959,swin,True
swin_tiny_lc_0_01_evade_l1,0.39846561125453844,0.4016881198261962,0.8808047771453857,0.828936755657196,7959,7959,swin,True
swin_tiny_lc_0_05_evade_l1,0.3436537685971045,0.31693059705207055,0.8736178874969482,0.8475807905197144,7959,7959,swin,True
swin_tiny_lc_0_1_evade_l1,0.3460942033285584,0.32451588925218117,0.8715626001358032,0.8290629386901855,7959,7959,swin,True
swin_tiny_lf_0_01_evade_l1,0.5793336091848156,0.5756955553133922,0.8784505128860474,0.9663107395172119,7959,7959,swin,True
swin_tiny_lf_0_05_evade_l1,0.8067150939619704,0.8063894285073674,0.8758975267410278,0.9968234300613403,7959,7959,swin,True
swin_tiny_lf_0_1_evade_l1,0.8209626951520184,0.8199670471614317,0.8740769624710083,0.9959973096847534,7959,7959,swin,True
swin_tiny_sig_0_01_evade_l1,0.37036709732428325,0.37213697331630236,0.8807290196418762,0.8086668848991394,7959,7959,swin,True
swin_tiny_sig_0_05_evade_l1,0.3603852486801744,0.35337410769962363,0.8674834370613098,0.8010745048522949,7959,7959,swin,True
swin_tiny_sig_0_1_evade_l1,0.3764922662998919,0.38055457166842993,0.8742185235023499,0.8064629435539246,7959,7959,swin,True
swin_tiny_tact_0_01_evade_l1,0.4863501349050143,0.4874561140166762,0.8750298619270325,0.8709509372711182,7959,7959,swin,True
swin_tiny_tact_0_05_evade_l1,0.49572991408838113,0.4984653413071682,0.8759729862213135,0.871608316898346,7959,7959,swin,True
swin_tiny_tact_0_1_evade_l1,0.5001449664737206,0.5017054359238793,0.8810487985610962,0.8789831399917603,7959,7959,swin,True
swin_tiny_wanet_0_01_evade_l1,0.40820532815804755,0.4012094131563603,0.8770895600318909,0.8697699308395386,7959,7959,swin,True
swin_tiny_wanet_0_05_evade_l1,0.7171669525504036,0.7152210661370899,0.8732209801673889,0.9847462177276611,7959,7959,swin,True
swin_tiny_wanet_0_1_evade_l1,0.8681996725238458,0.8665727897060574,0.874079704284668,0.9911211133003235,7959,7959,swin,True
vit_cifar100_adaptive_blend_0_01,0.24851368117262976,0.24538977584402183,0.930767297744751,0.8779789805412292,7915,7915,vit,True
vit_cifar100_adaptive_blend_0_01_evade_l1,0.17702997219749161,0.13045245020828936,0.8954288363456726,0.7079365253448486,7915,7915,vit,True
vit_cifar100_adaptive_blend_0_05,0.4859147791462431,0.4847893661690522,0.9230013489723206,0.9476706981658936,7915,7915,vit,True
vit_cifar100_adaptive_blend_0_05_evade_l1,0.4702027743447535,0.46477737042622397,0.9020540118217468,0.9522629380226135,7915,7915,vit,True
vit_cifar100_adaptive_blend_0_1,0.5448450589790689,0.5432631054288518,0.9203007221221924,0.9686854481697083,7915,7915,vit,True
vit_cifar100_adaptive_blend_0_1_evade_l1,0.4348969327851313,0.4277046429430833,0.8974611759185791,0.9363785982131958,7915,7915,vit,True
vit_cifar100_badnet_a2a_0_01_evade_l1,0.06525246093749999,0.194500984375,0.9114611148834229,0.4566252529621124,8000,8000,vit,True
vit_cifar100_badnet_a2a_0_05,0.25382675,0.24602139843749998,0.9193041324615479,0.8561992049217224,8000,8000,vit,True
vit_cifar100_badnet_a2a_0_05_evade_l1,0.225603109375,0.23404084375,0.9084344506263733,0.7625129222869873,8000,8000,vit,True
vit_cifar100_badnet_a2a_0_1,0.29494421875,0.29644178906249996,0.9233207106590271,0.8641024827957153,8000,8000,vit,True
vit_cifar100_badnet_a2a_0_1_evade_l1,0.2990026171875,0.30094939062500004,0.9133448600769043,0.8417520523071289,8000,8000,vit,True
vit_cifar100_badnet_a2o_0_005,0.4898185514202744,0.48865269770528547,0.9277583360671997,0.9905373454093933,7915,7915,vit,True
vit_cifar100_badnet_a2o_0_01,0.7520007949274689,0.7519524368397802,0.9201701283454895,0.9992364048957825,7915,7915,vit,True
vit_cifar100_badnet_a2o_0_01_evade_l1,0.6871049036888706,0.6869420872193461,0.9087203145027161,0.9982457160949707,7915,7915,vit,True
vit_cifar100_badnet_a2o_0_05,0.9801561282243548,0.9801508207266963,0.9278804659843445,0.9998485445976257,7915,7915,vit,True
vit_cifar100_badnet_a2o_0_05_evade_l1,0.9187342934982357,0.9187164395549842,0.9078468084335327,0.9998308420181274,7915,7915,vit,True
vit_cifar100_badnet_a2o_0_1,0.9648313233347526,0.9647896455110344,0.9210540056228638,0.9997156262397766,7915,7915,vit,True
vit_cifar100_badnet_a2o_0_1_evade_l1,0.9671934870219709,0.9671934391347742,0.8976995944976807,0.9999194145202637,7915,7915,vit,True
vit_cifar100_benign,0.4903347594406616,0.4908254196414925,0.9208912253379822,0.9155365824699402,7915,7915,vit,False
vit_cifar100_blend_0_005,0.6461463696117425,0.6460371389155704,0.9283416867256165,0.9989822506904602,7915,7915,vit,True
vit_cifar100_blend_0_01,0.5983933127125742,0.597599765991231,0.9248682856559753,0.9930226802825928,7915,7915,vit,True
vit_cifar100_blend_0_01_evade_l1,0.8104427450697138,0.8102928262185596,0.9080806970596313,0.9991824626922607,7915,7915,vit,True
vit_cifar100_blend_0_05,0.9577425735936429,0.9577409135041497,0.9209360480308533,0.9997268319129944,7915,7915,vit,True
vit_cifar100_blend_0_05_evade_l1,0.873332873084163,0.8732494136811326,0.9016397595405579,0.9996846914291382,7915,7915,vit,True
vit_cifar100_blend_0_1,0.9663478470115795,0.9663453728397389,0.9118015170097351,0.9997122287750244,7915,7915,vit,True
vit_cifar100_blend_0_1_evade_l1,0.9702162067034894,0.9702299423478056,0.9035706520080566,0.9996845126152039,7915,7915,vit,True
vit_cifar100_bpp_0_005,0.6485801166771553,0.6479270709915723,0.9206499457359314,0.9805238842964172,7915,7915,vit,True
vit_cifar100_bpp_0_01,0.7414296403392169,0.7412281070709835,0.9239673018455505,0.9909406900405884,7915,7915,vit,True
vit_cifar100_bpp_0_01_evade_l1,0.6877066542053538,0.6862497421074916,0.9035797715187073,0.9867517948150635,7915,7915,vit,True
vit_cifar100_bpp_0_05,0.9480460946195142,0.9478103140242843,0.9284735918045044,0.9961283802986145,7915,7915,vit,True
vit_cifar100_bpp_0_05_evade_l1,0.8943352718336686,0.8938370614181234,0.9007958173751831,0.9923444986343384,7915,7915,vit,True
vit_cifar100_bpp_0_1,0.9805102061583734,0.9805402952804373,0.923444390296936,0.9985504746437073,7915,7915,vit,True
vit_cifar100_bpp_0_1_evade_l1,0.9557760539273688,0.9557082456565316,0.8948145508766174,0.9983083009719849,7915,7915,vit,True
vit_cifar100_lc_0_01,0.3736637656336733,0.3695185141879788,0.9231134057044983,0.9418964982032776,7915,7915,vit,True
vit_cifar100_lc_0_01_evade_l1,0.28778623474543363,0.27462190065082687,0.9028695821762085,0.830097496509552,7915,7915,vit,True
vit_cifar100_lc_0_05,0.22286760506949832,0.20346447109189592,0.9225383400917053,0.8375633955001831,7915,7915,vit,True
vit_cifar100_lc_0_05_evade_l1,0.3059360490428746,0.29464450340777265,0.9116068482398987,0.8711529970169067,7915,7915,vit,True
vit_cifar100_lc_0_1,0.2894158759625825,0.28564727328305445,0.9252638220787048,0.9057250022888184,7915,7915,vit,True
vit_cifar100_lc_0_1_evade_l1,0.26938792580198084,0.2479432409017319,0.8977423310279846,0.7960039377212524,7915,7915,vit,True
vit_cifar100_lf_0_005,0.44854152757763815,0.4438989675919404,0.9174367189407349,0.94997239112854,7915,7915,vit,True
vit_cifar100_lf_0_01,0.6572518335808171,0.6573883200732354,0.9249618649482727,0.9808393716812134,7915,7915,vit,True
vit_cifar100_lf_0_01_evade_l1,0.6704981745001474,0.6680749227120595,0.8999104499816895,0.9796006679534912,7915,7915,vit,True
vit_cifar100_lf_0_05,0.8073314021490976,0.807541419432385,0.9293323755264282,0.9849541187286377,7915,7915,vit,True
vit_cifar100_lf_0_05_evade_l1,0.8550809792452898,0.8547558331594097,0.9019816517829895,0.994232714176178,7915,7915,vit,True
vit_cifar100_lf_0_1,0.9324656359479611,0.9324484364630676,0.91423100233078,0.9977099299430847,7915,7915,vit,True
vit_cifar100_lf_0_1_evade_l1,0.9512091716752019,0.9509097809200647,0.8960273861885071,0.9979164004325867,7915,7915,vit,True
vit_cifar100_sig_0_01_evade_l1,0.3641409575603708,0.3692259713020011,0.9087603092193604,0.8414474725723267,7915,7915,vit,True
vit_cifar100_sig_0_05_evade_l1,0.3292980654769625,0.3280733344533617,0.9066073894500732,0.8228835463523865,7915,7915,vit,True
vit_cifar100_sig_0_1_evade_l1,0.3673475241720603,0.36896092364825417,0.8985673785209656,0.8321293592453003,7915,7915,vit,True
vit_cifar100_tact_0_01_evade_l1,0.4106943204587274,0.4100255917161535,0.9090662002563477,0.8768022060394287,7915,7915,vit,True
vit_cifar100_tact_0_05_evade_l1,0.44900463667784163,0.44606605480131,0.8980849981307983,0.8781655430793762,7915,7915,vit,True
vit_cifar100_tact_0_1_evade_l1,0.4654385888600812,0.4652701137201209,0.909053385257721,0.8956140875816345,7915,7915,vit,True
vit_cifar100_wanet_0_01_evade_l1,0.43095900097729783,0.43297392661845757,0.9021037817001343,0.8794022798538208,7915,7915,vit,True
vit_cifar100_wanet_0_05,0.4527452253471722,0.4527008179532294,0.9140833616256714,0.9099470376968384,7915,7915,vit,True
vit_cifar100_wanet_0_05_evade_l1,0.45005358178275257,0.4455107229410401,0.881607711315155,0.8860591650009155,7915,7915,vit,True
vit_cifar100_wanet_0_1,0.622954895448282,0.6212339253654093,0.9207376837730408,0.9593285322189331,7915,7915,vit,True
vit_cifar100_wanet_0_1_evade_l1,0.5942632175647046,0.5942172059496649,0.8925463557243347,0.9412913918495178,7915,7915,vit,True
vit_cifar10_adaptive_blend_0_005,0.10112484567901234,0.1014165798611111,0.9746754765510559,0.8324235677719116,7200,7200,vit,True
vit_cifar10_adaptive_blend_0_01,0.08630412808641974,0.08865736882716051,0.9789556264877319,0.8618428707122803,7200,7200,vit,True
vit_cifar10_adaptive_blend_0_05,0.09877857831790124,0.10142617669753086,0.9768304824829102,0.8757954835891724,7200,7200,vit,True
vit_cifar10_adaptive_blend_0_1,0.17343065200617283,0.17403866705246915,0.9778861403465271,0.9349443912506104,7200,7200,vit,True
vit_cifar10_badnet_a2a_0_005,0.10007164843750001,0.095437125,0.9645590782165527,0.8160384297370911,8000,8000,vit,True
vit_cifar10_badnet_a2a_0_01,0.190542171875,0.1883719296875,0.9748958945274353,0.9570313692092896,8000,8000,vit,True
vit_cifar10_badnet_a2a_0_05,0.303798046875,0.3031970859375,0.9743769764900208,0.9621526002883911,8000,8000,vit,True
vit_cifar10_badnet_a2a_0_1,0.2437660234375,0.24337348437499998,0.9810740947723389,0.9791100025177002,8000,8000,vit,True
vit_cifar10_badnet_a2o_0_005,0.3385245177469136,0.3383566165123456,0.9752418398857117,0.9956157803535461,7200,7200,vit,True
vit_cifar10_badnet_a2o_0_01,0.47926902970679014,0.47920957754629634,0.9771313667297363,0.9961438179016113,7200,7200,vit,True
vit_cifar10_badnet_a2o_0_05,0.870428944830247,0.8703818190586421,0.9748014807701111,0.9993099570274353,7200,7200,vit,True
vit_cifar10_badnet_a2o_0_1,0.8783359664351852,0.8783385223765432,0.968937337398529,0.9997158646583557,7200,7200,vit,True
vit_cifar10_benign,0.4864242573302469,0.48660105131172837,0.9733805060386658,0.9711270928382874,7200,7200,vit,False
vit_cifar10_blend_0_005,0.2843297743055556,0.2838334780092593,0.976153552532196,0.9974158406257629,7200,7200,vit,True
vit_cifar10_blend_0_01,0.7063369598765432,0.7063295428240741,0.9784814715385437,0.9996708631515503,7200,7200,vit,True
vit_cifar10_blend_0_05,0.8896736786265432,0.8896512152777779,0.9798674583435059,0.9997363090515137,7200,7200,vit,True
vit_cifar10_blend_0_1,0.7005796103395061,0.7005732735339506,0.9759172797203064,0.9996705055236816,7200,7200,vit,True
vit_cifar10_bpp_0_005,0.3085663290895062,0.3084312596450617,0.9772710800170898,0.9886474609375,7200,7200,vit,True
vit_cifar10_bpp_0_01,0.4101902874228395,0.41021453510802464,0.9809542894363403,0.9953378438949585,7200,7200,vit,True
vit_cifar10_bpp_0_05,0.5414920138888889,0.5415071952160493,0.98152756690979,0.9985940456390381,7200,7200,vit,True
vit_cifar10_bpp_0_1,0.8217513020833332,0.8217311921296296,0.9717666506767273,0.9995701909065247,7200,7200,vit,True
vit_cifar10_lc_0_005,0.30031420717592594,0.300405613425926,0.9789690375328064,0.9492301344871521,7200,7200,vit,True
vit_cifar10_lc_0_01,0.22172410300925927,0.22268186728395062,0.9770457744598389,0.9234777688980103,7200,7200,vit,True
vit_cifar10_lc_0_05,0.1529945119598765,0.15319600694444444,0.9818798899650574,0.9174661636352539,7200,7200,vit,True
vit_cifar10_lc_0_1,0.7127539544753088,0.713105430169753,0.977653443813324,0.9801025390625,7200,7200,vit,True
vit_cifar10_lf_0_005,0.2987410108024692,0.2982138310185185,0.9691700339317322,0.9703301787376404,7200,7200,vit,True
vit_cifar10_lf_0_01,0.2679667920524692,0.26788664158950615,0.9793739318847656,0.9895374774932861,7200,7200,vit,True
vit_cifar10_lf_0_05,0.39183240740740743,0.3916543209876543,0.9783506393432617,0.9977361559867859,7200,7200,vit,True
vit_cifar10_lf_0_1,0.7804942129629631,0.7804749710648148,0.977818489074707,0.9985414147377014,7200,7200,vit,True
vit_cifar10_sig_0_005,0.29628162615740744,0.29635709876543215,0.9799436926841736,0.9409037828445435,7200,7200,vit,True
vit_cifar10_sig_0_01,0.1778407696759259,0.17875110918209874,0.9779435396194458,0.9097407460212708,7200,7200,vit,True
vit_cifar10_sig_0_05,0.2697373263888889,0.27146679205246915,0.9802780747413635,0.9418771266937256,7200,7200,vit,True
vit_cifar10_sig_0_1,0.5929733217592593,0.5935800925925926,0.9688150882720947,0.9628347158432007,7200,7200,vit,True
vit_cifar10_tact_0_005,0.43048831018518524,0.42972778742283946,0.975206732749939,0.9690113663673401,7200,7200,vit,True
vit_cifar10_tact_0_01,0.4649895158179012,0.4649557002314815,0.9719290733337402,0.969475507736206,7200,7200,vit,True
vit_cifar10_wanet_0_005,0.3508404224537036,0.35047676504629627,0.9708768725395203,0.9490591287612915,7200,7200,vit,True
vit_cifar10_wanet_0_01,0.2520796199845679,0.2529744212962963,0.9756448268890381,0.931763768196106,7200,7200,vit,True
vit_cifar10_wanet_0_05,0.29897718942901236,0.3005741801697531,0.9750891327857971,0.9381241798400879,7200,7200,vit,True
vit_cifar10_wanet_0_1,0.4952025462962963,0.4949398244598765,0.9682078957557678,0.9776917695999146,7200,7200,vit,True
vit_gtsrb_adaptive_blend_0_01,0.05446741044861675,0.06081968551617081,0.979934573173523,0.7843979597091675,10578,10578,vit,True
vit_gtsrb_adaptive_blend_0_05,0.05309206070269095,0.05151598542064118,0.985226571559906,0.9175975322723389,10578,10578,vit,True
vit_gtsrb_adaptive_blend_0_1,0.14304256693320805,0.14188550844207276,0.9824778437614441,0.9673545956611633,10578,10578,vit,True
vit_gtsrb_badnet_a2a_0_05,0.20562716764796202,0.2038070424940861,0.9658598303794861,0.923527717590332,10630,10630,vit,True
vit_gtsrb_badnet_a2a_0_1,0.15247316519302745,0.1524059598095169,0.991293728351593,0.9854726195335388,10630,10630,vit,True
vit_gtsrb_badnet_a2o_0_01,0.29225077261457366,0.29226154172726415,0.9945420622825623,0.9992520213127136,10578,10578,vit,True
vit_gtsrb_badnet_a2o_0_05,0.7262877097237777,0.726308658105642,0.9852972626686096,0.9994057416915894,10578,10578,vit,True
vit_gtsrb_badnet_a2o_0_1,0.2986158320935002,0.2985759908450567,0.9819985032081604,0.9989715814590454,10578,10578,vit,True
vit_gtsrb_benign,0.5025127735975747,0.502517840889604,0.9917207956314087,0.9917894005775452,10578,10578,vit,False
vit_gtsrb_blend_0_01,0.16525562245095998,0.1652464396598483,0.992613673210144,0.9988158941268921,10578,10578,vit,True
vit_gtsrb_blend_0_05,0.8758226574337925,0.8757752554639082,0.9710193276405334,0.9983777403831482,10578,10578,vit,True
vit_gtsrb_blend_0_1,0.4127596683306331,0.412777966885184,0.988484263420105,0.9993921518325806,10578,10578,vit,True
vit_gtsrb_bpp_0_01,0.08674204795313396,0.08675776817655526,0.9879981279373169,0.9636345505714417,10578,10578,vit,True
vit_gtsrb_bpp_0_05,0.26342527635330565,0.26344136299466914,0.9907335638999939,0.9945328235626221,10578,10578,vit,True
vit_gtsrb_bpp_0_1,0.47496434217201333,0.4749622375031016,0.9922778010368347,0.998687744140625,10578,10578,vit,True
vit_gtsrb_lc_0_05,0.15495518511952786,0.1595259495577979,0.9679006338119507,0.8452559113502502,10578,10578,vit,True
vit_gtsrb_lc_0_1,0.04891082534801393,0.04934912823451863,0.992381751537323,0.8959358334541321,10578,10578,vit,True
vit_gtsrb_lf_0_01,0.13303288670739732,0.1330766021553025,0.992587685585022,0.9925557374954224,10578,10578,vit,True
vit_gtsrb_lf_0_05,0.4907429422274014,0.4906862189425493,0.9815835952758789,0.9987697601318359,10578,10578,vit,True
vit_gtsrb_lf_0_1,0.5981610341436818,0.5981650870836032,0.9914072751998901,0.9992657899856567,10578,10578,vit,True
vit_gtsrb_wanet_0_05,0.23856423454880776,0.23962845524522994,0.982002854347229,0.9374875426292419,10578,10578,vit,True
vit_gtsrb_wanet_0_1,0.3072517444264524,0.3077481737104171,0.9744978547096252,0.9620183110237122,10578,10578,vit,True
vit_tiny_adaptive_blend_0_01,0.29907006603970365,0.2839193961779336,0.8841935992240906,0.8264253735542297,7959,7959,vit,True
vit_tiny_adaptive_blend_0_01_evade_l1,0.4170864150943456,0.39581108931483433,0.8544817566871643,0.8817516565322876,7959,7959,vit,True
vit_tiny_adaptive_blend_0_05,0.5157241422663055,0.5094242178878777,0.8800846338272095,0.9390286207199097,7959,7959,vit,True
vit_tiny_adaptive_blend_0_05_evade_l1,0.4676685613341184,0.4424828663535877,0.8478269577026367,0.901113748550415,7959,7959,vit,True
vit_tiny_adaptive_blend_0_1,0.6202613639910194,0.6148068800460129,0.8804123997688293,0.9653815627098083,7959,7959,vit,True
vit_tiny_adaptive_blend_0_1_evade_l1,0.5037137180670612,0.47499076535304763,0.8397433161735535,0.9212234020233154,7959,7959,vit,True
vit_tiny_badnet_a2a_0_01_evade_l1,0.4990094453125,0.49955035937500003,0.8137111663818359,0.813094973564148,8000,8000,vit,True
vit_tiny_badnet_a2a_0_05,0.297562109375,0.30588514062499994,0.891313910484314,0.806225061416626,8000,8000,vit,True
vit_tiny_badnet_a2a_0_05_evade_l1,0.21237671875,0.26001760156250003,0.8648487329483032,0.6412315964698792,8000,8000,vit,True
vit_tiny_badnet_a2a_0_1,0.3477931328125,0.35059788281250004,0.8866000771522522,0.8337619304656982,8000,8000,vit,True
vit_tiny_badnet_a2a_0_1_evade_l1,0.30850628125,0.32184696874999996,0.8655593991279602,0.7598434090614319,8000,8000,vit,True
vit_tiny_badnet_a2o_0_01,0.7414861243657639,0.7412280483652864,0.8853300213813782,0.9987275004386902,7959,7959,vit,True
vit_tiny_badnet_a2o_0_01_evade_l1,0.6935284901270536,0.6931057541239473,0.8525521755218506,0.9983181953430176,7959,7959,vit,True
vit_tiny_badnet_a2o_0_05,0.939153073435267,0.9390736441842027,0.8890947699546814,0.9997777938842773,7959,7959,vit,True
vit_tiny_badnet_a2o_0_05_evade_l1,0.9492703062107739,0.9490445133899501,0.8585177063941956,0.9991934895515442,7959,7959,vit,True
vit_tiny_badnet_a2o_0_1,0.9777590124889493,0.9777403213961817,0.8828967213630676,0.9998937249183655,7959,7959,vit,True
vit_tiny_badnet_a2o_0_1_evade_l1,0.9539969899447445,0.9539731209141156,0.8544437289237976,0.9999328851699829,7959,7959,vit,True
vit_tiny_benign,0.49770288206389324,0.49791432505082706,0.8788429498672485,0.8779857754707336,7959,7959,vit,False
vit_tiny_blend_0_01,0.8858893315867895,0.8858092472002945,0.8898724913597107,0.9991973042488098,7959,7959,vit,True
vit_tiny_blend_0_01_evade_l1,0.6069876729243782,0.6020602020207187,0.85812908411026,0.9843438267707825,7959,7959,vit,True
vit_tiny_blend_0_05,0.9431731975539107,0.9431799935973535,0.8910138607025146,0.9995951056480408,7959,7959,vit,True
vit_tiny_blend_0_05_evade_l1,0.956085111785285,0.9560019569447835,0.8524717092514038,0.999748170375824,7959,7959,vit,True
vit_tiny_blend_0_1,0.9946274948089988,0.9946588386980952,0.8745878338813782,0.9996299743652344,7959,7959,vit,True
vit_tiny_blend_0_1_evade_l1,0.9829319460627474,0.98272272106444,0.8464672565460205,0.9990274310112,7959,7959,vit,True
vit_tiny_bpp_0_01,0.8375117239642589,0.8376525701886446,0.8895242810249329,0.9921694397926331,7959,7959,vit,True
vit_tiny_bpp_0_01_evade_l1,0.8234869082866123,0.8227931593315732,0.8546106219291687,0.9885968565940857,7959,7959,vit,True
vit_tiny_bpp_0_05,0.9255462499487535,0.9251352116650225,0.8844371438026428,0.9959699511528015,7959,7959,vit,True
vit_tiny_bpp_0_05_evade_l1,0.9699704388685948,0.9697758478593038,0.8516801595687866,0.9967750310897827,7959,7959,vit,True
vit_tiny_bpp_0_1,0.989477238392938,0.9894428714090232,0.8817806839942932,0.9987987279891968,7959,7959,vit,True
vit_tiny_bpp_0_1_evade_l1,0.9690757764526993,0.9689950842899613,0.8446314930915833,0.9980430603027344,7959,7959,vit,True
vit_tiny_lc_0_01_evade_l1,0.4551450792675194,0.4326509095387261,0.8547772169113159,0.8892528414726257,7959,7959,vit,True
vit_tiny_lc_0_05,0.37069952724953736,0.35948360078408503,0.8816981315612793,0.8880525231361389,7959,7959,vit,True
vit_tiny_lc_0_05_evade_l1,0.3762327774169797,0.3526447841013818,0.8613860607147217,0.8314751982688904,7959,7959,vit,True
vit_tiny_lc_0_1,0.3792835773602308,0.3614952691091915,0.8804075717926025,0.8920474648475647,7959,7959,vit,True
vit_tiny_lc_0_1_evade_l1,0.4419712371550635,0.41780608531148317,0.855559229850769,0.897132933139801,7959,7959,vit,True
vit_tiny_lf_0_01,0.7673202297722554,0.7648810737388709,0.8880038857460022,0.978918731212616,7959,7959,vit,True
vit_tiny_lf_0_01_evade_l1,0.7783510370659683,0.7753461755348403,0.8593406677246094,0.9728081226348877,7959,7959,vit,True
vit_tiny_lf_0_05,0.9513502428050302,0.9511126338668614,0.8867524862289429,0.9957343935966492,7959,7959,vit,True
vit_tiny_lf_0_05_evade_l1,0.8868938436386847,0.8862812051858753,0.8523264527320862,0.9925931692123413,7959,7959,vit,True
vit_tiny_lf_0_1,0.9257028509962659,0.9252623631909491,0.876802921295166,0.9913746118545532,7959,7959,vit,True
vit_tiny_lf_0_1_evade_l1,0.9274046955150739,0.9267596712710374,0.8500086665153503,0.9959794282913208,7959,7959,vit,True
vit_tiny_sig_0_01_evade_l1,0.39473741706241977,0.3927581187421444,0.8491818904876709,0.7938909530639648,7959,7959,vit,True
vit_tiny_sig_0_05_evade_l1,0.3963211319805686,0.3901265975812937,0.8562665581703186,0.8098386526107788,7959,7959,vit,True
vit_tiny_sig_0_1_evade_l1,0.3511508700964159,0.3545327739076639,0.8461548089981079,0.7429307103157043,7959,7959,vit,True
vit_tiny_tact_0_01_evade_l1,0.4852864475480183,0.4864065160180376,0.8482142686843872,0.8383984565734863,7959,7959,vit,True
vit_tiny_tact_0_05_evade_l1,0.49000241231916036,0.49027842166540136,0.8510966897010803,0.8448571562767029,7959,7959,vit,True
vit_tiny_tact_0_1_evade_l1,0.4761601268443227,0.47834774244514,0.8610766530036926,0.8460618853569031,7959,7959,vit,True
vit_tiny_wanet_0_01_evade_l1,0.4563551696602646,0.45822429472342396,0.8367762565612793,0.8092889189720154,7959,7959,vit,True
vit_tiny_wanet_0_05,0.7405705212956823,0.7374008024319764,0.8832663893699646,0.9747828245162964,7959,7959,vit,True
vit_tiny_wanet_0_05_evade_l1,0.562222687289446,0.5486292269870775,0.8398168683052063,0.9113959074020386,7959,7959,vit,True
vit_tiny_wanet_0_1,0.8457096072579913,0.844395003031067,0.8783483505249023,0.9875465035438538,7959,7959,vit,True
vit_tiny_wanet_0_1_evade_l1,0.8710522348003489,0.8692997001642464,0.8394690155982971,0.9903396368026733,7959,7959,vit,True
