folder,architecture,dataset,attack,poison_rate,best_deployable_auroc,num_layers,min_rank_ratio,final_rank_ratio,min_cka,final_cka,max_separation_auroc,final_separation_auroc,max_target_alignment,final_direction_norm,rank_ratio_depth,error
swin_cifar100_adaptive_blend_0_01,swin,cifar100,adaptive_blend,0.01,0.8175845458438102,24,0.5936435771553107,0.8513707265223983,0.6498744156170978,0.6498744156170978,1.0,0.993104,0.533704936504364,26.86379051208496,0.16666666666666666,
swin_cifar100_adaptive_blend_0_01_evade_l1,swin,cifar100,adaptive_blend,0.01,0.8653071145609403,24,0.5086493843725792,0.7030195082565059,0.47181336396772156,0.5609983399309116,1.0,0.996132,0.5253033638000488,34.96001052856445,0.9583333333333334,
swin_cifar100_adaptive_blend_0_05,swin,cifar100,adaptive_blend,0.05,0.9760265039672548,24,0.5825346929618587,0.8433164981631365,0.5249687922036829,0.5249687922036829,1.0,0.99982,0.6613765954971313,48.60194778442383,0.16666666666666666,
swin_cifar100_adaptive_blend_0_05_evade_l1,swin,cifar100,adaptive_blend,0.05,0.96283524928678,24,0.11205573041672377,0.5862440837590307,0.38568526576235357,0.42522963242960793,1.0,0.998912,0.49410074949264526,38.21147918701172,0.7083333333333334,
swin_cifar100_adaptive_blend_0_1,swin,cifar100,adaptive_blend,0.1,0.992797669808998,24,0.6083609454010109,0.8291407342288601,0.5688040725243766,0.5688040725243766,1.0,0.9987159999999999,0.66535884141922,42.41759490966797,0.16666666666666666,
swin_cifar100_adaptive_blend_0_1_evade_l1,swin,cifar100,adaptive_blend,0.1,0.9915250675508772,24,0.48421818319993004,0.8007809986461101,0.4862624662519883,0.4979919825767957,1.0,0.996488,0.6541815400123596,25.159420013427734,0.75,
swin_cifar100_badnet_a2a_0_01_evade_l1,swin,cifar100,badnet_a2a,0.01,0.8966378828125,24,0.5059676703297198,0.577429900003653,0.6788762246232197,0.6788762246232197,1.0,0.9983960000000001,0.0944809764623642,19.041105270385742,0.9583333333333334,
swin_cifar100_badnet_a2a_0_05_evade_l1,swin,cifar100,badnet_a2a,0.05,0.6916117265624999,24,0.6310480362180533,0.6310480362180533,0.666220764647703,0.666220764647703,1.0,0.99122,0.06437404453754425,21.341291427612305,1.0,
swin_cifar100_badnet_a2a_0_1,swin,cifar100,badnet_a2a,0.1,0.550840015625,24,0.5903788910590756,0.6241712434127844,0.7608944962470308,0.7608944962470308,1.0,0.9950399999999999,0.053367987275123596,19.130680084228516,0.9166666666666666,
swin_cifar100_badnet_a2a_0_1_evade_l1,swin,cifar100,badnet_a2a,0.1,0.645211515625,24,0.5116832187120784,0.6167516625174444,0.7024599874808126,0.7103894481516337,1.0,0.9977280000000001,0.15759454667568207,19.568944931030273,0.9583333333333334,
swin_cifar100_badnet_a2o_0_005,swin,cifar100,badnet_a2o,0.005,0.9353519329866566,24,0.6669550398541674,0.6669550398541674,0.5572657348378598,0.5572657348378598,1.0,1.0,0.650060772895813,47.755367279052734,1.0,
swin_cifar100_badnet_a2o_0_01,swin,cifar100,badnet_a2o,0.01,0.99917298810921,24,0.6128978436628892,0.6128978436628892,0.45476406967859023,0.45476406967859023,1.0,1.0,0.695600688457489,49.205448150634766,1.0,
swin_cifar100_badnet_a2o_0_01_evade_l1,swin,cifar100,badnet_a2o,0.01,0.964951927240193,24,0.5990439839281995,0.7394769354322693,0.6674917900864261,0.6902351456902082,1.0,1.0,0.48776572942733765,100.44851684570312,0.9583333333333334,
swin_cifar100_badnet_a2o_0_05,swin,cifar100,badnet_a2o,0.05,0.999583493123598,24,0.61572026071015,0.61572026071015,0.4464119373376811,0.4464119373376811,1.0,1.0,0.5966398119926453,49.83181381225586,1.0,
swin_cifar100_badnet_a2o_0_05_evade_l1,swin,cifar100,badnet_a2o,0.05,0.9832283872110856,24,0.690442546225117,0.690442546225117,0.6545431787821115,0.6545431787821115,1.0,1.0,0.27800461649894714,37.152915954589844,1.0,
swin_cifar100_badnet_a2o_0_1,swin,cifar100,badnet_a2o,0.1,0.9997775001207156,24,0.6383248119507547,0.6383248119507547,0.43422430077390084,0.43422430077390084,1.0,1.0,0.5984200239181519,52.707244873046875,1.0,
swin_cifar100_badnet_a2o_0_1_evade_l1,swin,cifar100,badnet_a2o,0.1,0.9989894045586216,24,0.9441562284078187,1.0531607410357524,0.8060974999616671,0.8060974999616671,1.0,1.0,0.5482027530670166,35.41552734375,0.9583333333333334,
swin_cifar100_benign,swin,cifar100,benign,0.0,0.511202579204426,24,0.9892503135546555,1.0098447887752178,0.9941525890688064,0.9941525890688064,0.7894200000000001,0.606016,0.038919609040021896,2.345686435699463,0.5416666666666666,
swin_cifar100_blend_0_005,swin,cifar100,blend,0.005,0.9953054185560494,24,0.1854194680602495,0.24864020226048253,0.18892575854834798,0.18892575854834798,1.0,0.999984,0.6485288143157959,70.13980865478516,0.8333333333333334,
swin_cifar100_blend_0_01,swin,cifar100,blend,0.01,0.9977318708051316,24,0.23809004091122182,0.3443892980905791,0.22085397348354716,0.22085397348354716,1.0,0.999976,0.6544728875160217,58.87335205078125,0.875,
swin_cifar100_blend_0_01_evade_l1,swin,cifar100,blend,0.01,0.9896522631289736,24,0.02667692105766242,0.11988821788983774,0.1349748754044805,0.1349748754044805,1.0,1.0,0.48750895261764526,32.59812927246094,0.875,
swin_cifar100_blend_0_05,swin,cifar100,blend,0.05,0.9996665933726514,24,0.17767050447968485,0.2653621384013524,0.19420361291765378,0.19420361291765378,1.0,1.0,0.5626357197761536,67.82703399658203,0.875,
swin_cifar100_blend_0_05_evade_l1,swin,cifar100,blend,0.05,0.9935866113782372,24,0.022322467420797926,0.15984291277352314,0.15436516175492304,0.15436516175492304,1.0,0.999976,0.5678349137306213,34.96903991699219,0.875,
swin_cifar100_blend_0_1,swin,cifar100,blend,0.1,0.998941437549708,24,0.18572996306158496,0.31414377640683694,0.23561347271495797,0.23561347271495797,1.0,1.0,0.5230461955070496,56.024410247802734,0.875,
swin_cifar100_blend_0_1_evade_l1,swin,cifar100,blend,0.1,0.996491049683366,24,0.06817682670188062,0.13104278831797378,0.09617704084682814,0.1032011356873535,1.0,0.999992,0.6003776788711548,30.517547607421875,0.9583333333333334,
swin_cifar100_bpp_0_005,swin,cifar100,bpp,0.005,0.9878352871974776,24,0.06062403032414652,0.11381346294933888,0.11175243432521499,0.11175243432521499,1.0,0.9988520000000001,0.7696125507354736,74.74168395996094,0.875,
swin_cifar100_bpp_0_01,swin,cifar100,bpp,0.01,0.997053604529171,24,0.039372731964573325,0.10619279043389153,0.08562512533043708,0.08562512533043708,0.999992,0.999624,0.6667216420173645,77.77666473388672,0.875,
swin_cifar100_bpp_0_01_evade_l1,swin,cifar100,bpp,0.01,0.9778524507669734,24,0.03989079462278179,0.05283638696189002,0.08695182313453421,0.08695182313453421,0.999952,0.995352,0.44125908613204956,65.9460220336914,0.9583333333333334,
swin_cifar100_bpp_0_05,swin,cifar100,bpp,0.05,0.9986887687363648,24,0.025263469265466208,0.12394024520666702,0.09574853253203253,0.10195030102114996,1.0,1.0,0.5262587666511536,93.27075958251953,0.875,
swin_cifar100_bpp_0_05_evade_l1,swin,cifar100,bpp,0.05,0.9954053830796176,24,0.08170577909559897,0.11198088564229668,0.10530522775032286,0.10530522775032286,1.0,0.99988,0.39244717359542847,51.880706787109375,0.8333333333333334,
swin_cifar100_bpp_0_1,swin,cifar100,bpp,0.1,0.9981324392261588,24,0.07251149589820684,0.2163826776833195,0.11249237932869488,0.12978949656961777,1.0,0.99996,0.5764237642288208,70.69664001464844,0.875,
swin_cifar100_bpp_0_1_evade_l1,swin,cifar100,bpp,0.1,0.9975162347574054,24,0.1839008615106449,0.21957155088539895,0.1444781130319164,0.1444781130319164,1.0,0.999964,0.5445130467414856,42.761077880859375,0.9166666666666666,
swin_cifar100_lc_0_01,swin,cifar100,lc,0.01,0.9965792259752924,24,0.5033786995445626,0.5991366748767557,0.49021982510761636,0.49021982510761636,1.0,1.0,0.02196672558784485,48.94458770751953,0.875,
swin_cifar100_lc_0_01_evade_l1,swin,cifar100,lc,0.01,0.7710720227432261,24,0.31136204936932027,0.6230038586394399,0.4961062578688154,0.6703082674344398,1.0,1.0,0.09976851940155029,27.339012145996094,0.9583333333333334,
swin_cifar100_lc_0_05,swin,cifar100,lc,0.05,0.9149864100125744,24,0.655000957776161,0.7320585643099875,0.6795259464266242,0.6795259464266242,1.0,0.99988,0.08729085326194763,43.20182800292969,0.875,
swin_cifar100_lc_0_05_evade_l1,swin,cifar100,lc,0.05,0.8951876559576262,24,0.46368472693062635,0.552190941740634,0.4887835677254293,0.5089445341152213,1.0,0.999992,0.35204339027404785,25.926721572875977,0.9583333333333334,
swin_cifar100_lc_0_1,swin,cifar100,lc,0.1,0.8970685533158091,24,0.6470883152345286,0.7171183460120542,0.6806429191098128,0.6806429191098128,1.0,0.999912,0.05188489705324173,41.90990447998047,0.875,
swin_cifar100_lc_0_1_evade_l1,swin,cifar100,lc,0.1,0.6970030037244268,24,0.3832324016834554,0.5777058612927451,0.6593679183913311,0.721197165905506,0.999992,0.9934240000000001,0.4769569933414459,26.954299926757812,0.9583333333333334,
swin_cifar100_lf_0_005,swin,cifar100,lf,0.005,0.9739695732731976,24,0.09541166028062034,0.18807204654517712,0.19122076011835332,0.20914606161880414,0.9995719999999999,0.9961800000000001,0.5858762860298157,56.757686614990234,0.9166666666666666,
swin_cifar100_lf_0_01,swin,cifar100,lf,0.01,0.9098495104930824,24,0.11531971120958247,0.16195221008086788,0.19976197511599167,0.19976197511599167,0.999748,0.997428,0.5595608949661255,61.947425842285156,0.875,
swin_cifar100_lf_0_01_evade_l1,swin,cifar100,lf,0.01,0.9082475560569524,24,0.08484060925718594,0.10163572159926602,0.16061785179790783,0.16061785179790783,0.999612,0.9949,0.4544089436531067,45.90803146362305,0.9583333333333334,
swin_cifar100_lf_0_05,swin,cifar100,lf,0.05,0.9550299235121746,24,0.0842592854053225,0.14091693320788742,0.13812244869397897,0.13812244869397897,1.0,0.9996799999999999,0.5631173253059387,72.45174407958984,0.9166666666666666,
swin_cifar100_lf_0_05_evade_l1,swin,cifar100,lf,0.05,0.9913510774020716,24,0.020257957005006644,0.14802078115042086,0.12529538221651773,0.12529538221651773,0.999708,0.998856,0.6151211857795715,54.25583267211914,0.875,
swin_cifar100_lf_0_1,swin,cifar100,lf,0.1,0.9933171660835736,24,0.05931319552468242,0.1659207957111109,0.140719283985187,0.15081270554980095,0.99998,0.999972,0.5382115840911865,77.62535095214844,0.875,
swin_cifar100_lf_0_1_evade_l1,swin,cifar100,lf,0.1,0.9706759956247064,24,0.07765722820288687,0.07765722820288687,0.10468103337990514,0.10468103337990514,0.999976,0.9989680000000001,0.39903441071510315,47.429649353027344,1.0,
swin_cifar100_sig_0_01_evade_l1,swin,cifar100,sig,0.01,0.6745319046454172,24,0.640692074160066,0.7424981198882057,0.640771595290011,0.6856321253872342,0.999904,0.985712,0.0068635959178209305,13.514263153076172,0.9583333333333334,
swin_cifar100_sig_0_05_evade_l1,swin,cifar100,sig,0.05,0.6540540861945601,24,0.585599661489304,0.7581682115379068,0.6719018132935229,0.7048825860312942,0.999852,0.987624,0.053025539964437485,11.916624069213867,0.8333333333333334,
swin_cifar100_sig_0_1_evade_l1,swin,cifar100,sig,0.1,0.645987487873565,24,0.15979657839716285,0.7934382267146772,0.5229958311562288,0.7396621280450043,0.999036,0.788232,0.5992133021354675,11.495712280273438,0.6666666666666666,
swin_cifar100_tact_0_01_evade_l1,swin,cifar100,tact,0.01,0.5588616894044389,24,0.8537585498423392,0.9844905775149096,0.8915390051993098,0.9640424217807644,0.993544,0.993544,0.28755152225494385,13.32735538482666,0.9583333333333334,
swin_cifar100_tact_0_05_evade_l1,swin,cifar100,tact,0.05,0.5704755158748053,24,0.7989564856211645,0.9710032597601711,0.8255653257653296,0.947503419018891,0.991328,0.9734720000000001,0.28816038370132446,14.845990180969238,0.9583333333333334,
swin_cifar100_tact_0_1_evade_l1,swin,cifar100,tact,0.1,0.5340678936696717,24,0.6221812218728058,0.9586053801069905,0.7481765218686762,0.9408469852546376,0.97502,0.88226,0.4997238218784332,9.55078125,0.9583333333333334,
swin_cifar100_wanet_0_01,swin,cifar100,wanet,0.01,0.5968766772989545,24,0.9721913166377403,0.990550987902981,0.9661389364007338,0.9661389364007338,0.8757839999999999,0.7563,0.6023241281509399,8.28610897064209,0.625,
swin_cifar100_wanet_0_01_evade_l1,swin,cifar100,wanet,0.01,0.5790692005910876,24,0.823346408755259,0.8422420370466601,0.9117194183227197,0.9304523444428808,0.829908,0.7021999999999999,0.5886377692222595,6.282824993133545,0.9583333333333334,
swin_cifar100_wanet_0_05,swin,cifar100,wanet,0.05,0.9267244079845516,24,0.20905716209639436,0.25805225635503365,0.3129313302459758,0.34241040352169083,0.997452,0.993352,0.551000714302063,60.01469421386719,0.9583333333333334,
swin_cifar100_wanet_0_05_evade_l1,swin,cifar100,wanet,0.05,0.7535305354706453,24,0.20021124920857544,0.5888985348992478,0.43142568379443635,0.6634449909027343,0.977104,0.90312,0.6123482584953308,20.687238693237305,0.9583333333333334,
swin_cifar100_wanet_0_1,swin,cifar100,wanet,0.1,0.9688139099537132,24,0.12515351344646683,0.12515351344646683,0.19063482751308272,0.19063482751308272,0.9994959999999999,0.997752,0.7396152019500732,94.596435546875,1.0,
swin_cifar100_wanet_0_1_evade_l1,swin,cifar100,wanet,0.1,0.9045526916794796,24,0.06470504100821335,0.08075736247606825,0.13731759178267025,0.13917927790778084,0.998696,0.994176,0.4697110056877136,48.567440032958984,0.9583333333333334,
swin_cifar10_adaptive_blend_0_05,swin,cifar10,adaptive_blend,0.05,0.9801848765432098,24,0.5779122867381146,0.8115841713570155,0.4862697033445481,0.4862697033445481,1.0,0.996604,0.6731945872306824,48.282958984375,0.4166666666666667,
swin_cifar10_adaptive_blend_0_1,swin,cifar10,adaptive_blend,0.1,0.990371875,24,0.6364258470476973,1.1089036953466826,0.6018861433549415,0.6018861433549415,1.0,0.999,0.6997025012969971,39.3618049621582,0.16666666666666666,
swin_cifar10_badnet_a2a_0_01,swin,cifar10,badnet_a2a,0.01,0.6091339453125,24,0.7226228404900259,0.7226228404900259,0.7097795945066152,0.7097795945066152,0.99998,0.9621999999999999,0.2510812282562256,15.474604606628418,1.0,
swin_cifar10_badnet_a2a_0_05,swin,cifar10,badnet_a2a,0.05,0.5323328828124999,24,0.8487211777130844,0.8487211777130844,0.8546159193073625,0.8546159193073625,0.999996,0.999576,0.2608878016471863,19.364768981933594,1.0,
swin_cifar10_badnet_a2a_0_1,swin,cifar10,badnet_a2a,0.1,0.5576048515625001,24,0.8670987462776509,0.898959603567609,0.9207623125757917,0.9207623125757917,1.0,0.991304,0.24848951399326324,28.206331253051758,0.9583333333333334,
swin_cifar10_badnet_a2o_0_005,swin,cifar10,badnet_a2o,0.005,0.9873207368827162,24,0.3593695359308047,0.3593695359308047,0.33722113249504376,0.33722113249504376,1.0,0.9958359999999999,0.8216687440872192,39.673553466796875,1.0,
swin_cifar10_badnet_a2o_0_01,swin,cifar10,badnet_a2o,0.01,0.9897666473765432,24,0.42629053994125343,0.42629053994125343,0.39023361051958144,0.39023361051958144,1.0,0.9893919999999999,0.8654102087020874,34.0776252746582,1.0,
swin_cifar10_badnet_a2o_0_05,swin,cifar10,badnet_a2o,0.05,0.9939670331790124,24,0.36875197370944207,0.3812712389050276,0.3123352804456363,0.3123352804456363,1.0,0.99812,0.8606529235839844,38.143741607666016,0.9583333333333334,
swin_cifar10_badnet_a2o_0_1,swin,cifar10,badnet_a2o,0.1,0.9965789544753086,24,0.19508942807476276,0.19508942807476276,0.19553795279404956,0.19553795279404956,1.0,0.9929479999999999,0.9042997360229492,35.25027847290039,1.0,
swin_cifar10_blend_0_005,swin,cifar10,blend,0.005,0.9994496913580246,24,0.35443438644118086,0.9450039508316467,0.1681593112869297,0.1681593112869297,1.0,0.999968,0.6959362030029297,42.99101638793945,0.7916666666666666,
swin_cifar10_blend_0_01,swin,cifar10,blend,0.01,0.9984806327160496,24,0.3459019452063186,0.5764149350860369,0.10808674293709608,0.10808674293709608,1.0,0.999988,0.7846996188163757,45.39323806762695,0.7083333333333334,
swin_cifar10_blend_0_05,swin,cifar10,blend,0.05,0.9990583912037037,24,0.31914166315240083,0.830724809958245,0.14092006474589205,0.14092006474589205,1.0,0.999876,0.638296902179718,40.98836135864258,0.7083333333333334,
swin_cifar10_blend_0_1,swin,cifar10,blend,0.1,0.9997222222222224,24,0.288309654411039,0.8214829629457951,0.15966515113531407,0.15966515113531407,1.0,1.0,0.6603025197982788,52.01276397705078,0.7083333333333334,
swin_cifar10_bpp_0_005,swin,cifar10,bpp,0.005,0.9952341049382716,24,0.10753310359948345,0.21342362293817252,0.06540156671440997,0.06540156671440997,1.0,0.99724,0.8252450227737427,59.99851989746094,0.7916666666666666,
swin_cifar10_bpp_0_01,swin,cifar10,bpp,0.01,0.9972535204475308,24,0.1294621150982771,0.25496975310666764,0.06718340572572384,0.06718340572572384,1.0,0.998584,0.8824872970581055,55.824363708496094,0.75,
swin_cifar10_bpp_0_05,swin,cifar10,bpp,0.05,0.9993030864197532,24,0.07346980854159979,0.15081865625470636,0.07292531282284741,0.07292531282284741,1.0,0.999784,0.7786688804626465,61.02067565917969,0.75,
swin_cifar10_bpp_0_1,swin,cifar10,bpp,0.1,0.9983182677469136,24,0.09813950346415802,0.174521993719606,0.046641680935336986,0.046641680935336986,1.0,0.9997720000000001,0.807975709438324,62.90273666381836,0.75,
swin_cifar10_lc_0_1,swin,cifar10,lc,0.1,0.852300713734568,24,0.8392554522360274,1.0801165297228121,0.7583841303316047,0.7583841303316047,1.0,1.0,0.18987523019313812,43.272823333740234,0.7083333333333334,
swin_cifar10_lf_0_005,swin,cifar10,lf,0.005,0.7697500096450616,24,0.23373905649614984,0.5099978379072359,0.222332295878061,0.31376024262863633,0.9997640000000001,0.9819040000000001,0.7448683381080627,35.99351119995117,0.8333333333333334,
swin_cifar10_lf_0_01,swin,cifar10,lf,0.01,0.8864672743055555,24,0.16474474522815702,0.35499698573117805,0.1403495074901519,0.17121514012558794,0.999988,0.9985039999999998,0.7438074946403503,48.88428497314453,0.8333333333333334,
swin_cifar10_lf_0_05,swin,cifar10,lf,0.05,0.9970312885802468,24,0.18206272761252792,0.25091644440649263,0.1060267174589737,0.1060267174589737,1.0,0.99976,0.702625572681427,55.8017578125,0.8333333333333334,
swin_cifar10_lf_0_1,swin,cifar10,lf,0.1,0.9975912037037036,24,0.2492070581725582,0.3822586270790019,0.13439560748634494,0.13439560748634494,1.0,0.9999359999999999,0.6508898735046387,57.939002990722656,0.8333333333333334,
swin_cifar10_sig_0_1,swin,cifar10,sig,0.1,0.9637932388117284,24,0.2624763249514068,0.7602903943961652,0.37259824807634456,0.47103311073086307,1.0,0.999996,0.01353379338979721,42.9765510559082,0.6666666666666666,
swin_cifar10_wanet_0_05,swin,cifar10,wanet,0.05,0.9772373746141976,24,0.24908216686613197,0.26671041700620407,0.12269702833598019,0.12269702833598019,0.999584,0.999076,0.619905948638916,69.5085678100586,0.9583333333333334,
swin_cifar10_wanet_0_1,swin,cifar10,wanet,0.1,0.5840182966820988,24,0.2631950037223084,0.2631950037223084,0.10584878306961654,0.10584878306961654,0.999712,0.998392,0.596408486366272,62.29454803466797,1.0,
swin_tiny_adaptive_blend_0_01_evade_l1,swin,tiny,adaptive_blend,0.01,0.8073823138786683,24,0.03756798424222783,0.8526311182257743,0.2939855547406615,0.7256280546528145,1.0,0.998628,0.5084617733955383,14.995931625366211,0.8333333333333334,
swin_tiny_adaptive_blend_0_05_evade_l1,swin,tiny,adaptive_blend,0.05,0.9724658102578454,24,0.06600213765600142,0.18153973929024755,0.22694970511059825,0.28593035353741975,1.0,1.0,0.5971423983573914,58.39412307739258,0.9583333333333334,
swin_tiny_adaptive_blend_0_1_evade_l1,swin,tiny,adaptive_blend,0.1,0.9159661256147834,24,0.3230188813862792,0.776084555037828,0.47313398631158515,0.663211639298463,1.0,0.999888,0.49280983209609985,19.903879165649414,0.9583333333333334,
swin_tiny_badnet_a2a_0_01_evade_l1,swin,tiny,badnet_a2a,0.01,0.8659610390625001,24,0.6020323150075951,0.6020323150075951,0.7156965020133758,0.7156965020133758,0.999984,0.999724,0.37882912158966064,9.983832359313965,1.0,
swin_tiny_badnet_a2a_0_05_evade_l1,swin,tiny,badnet_a2a,0.05,0.7618309218750001,24,0.776494573102967,0.9330538252162796,0.7377797487975231,0.7377797487975231,0.999576,0.982076,0.09448693692684174,11.41409683227539,0.9583333333333334,
swin_tiny_badnet_a2a_0_1_evade_l1,swin,tiny,badnet_a2a,0.1,0.579945890625,24,0.9912903400801847,1.0320931127643889,0.7028508354132779,0.7028508354132779,0.9815959999999999,0.9815959999999999,0.10670866817235947,10.447322845458984,0.9166666666666666,
swin_tiny_badnet_a2o_0_01_evade_l1,swin,tiny,badnet_a2o,0.01,0.9996516416012642,24,0.4771554044947696,0.5166115974384988,0.42172061295217295,0.42172061295217295,1.0,1.0,0.37097442150115967,55.561492919921875,0.9583333333333334,
swin_tiny_badnet_a2o_0_05_evade_l1,swin,tiny,badnet_a2o,0.05,0.971992818263332,24,0.8188646137477114,0.8415907778988775,0.6045252009671898,0.6045252009671898,0.999996,0.999996,0.6301950812339783,28.514667510986328,0.8333333333333334,
swin_tiny_badnet_a2o_0_1_evade_l1,swin,tiny,badnet_a2o,0.1,0.953987597039173,24,0.7805084786703578,0.7979119850409281,0.5767695124550282,0.5767695124550282,1.0,1.0,0.4440714716911316,19.382192611694336,0.9583333333333334,
swin_tiny_blend_0_01_evade_l1,swin,tiny,blend,0.01,0.9996926388714646,24,0.035724904676300094,0.05443152772529042,0.10466643896164558,0.10466643896164558,1.0,1.0,0.5171430110931396,55.239933013916016,0.9583333333333334,
swin_tiny_blend_0_05_evade_l1,swin,tiny,blend,0.05,0.9762985182841432,24,0.014005656573711117,0.04351998871874929,0.06516408363990073,0.06516408363990073,1.0,1.0,0.5261985063552856,25.17212677001953,0.875,
swin_tiny_blend_0_1_evade_l1,swin,tiny,blend,0.1,0.9972859396680888,24,0.025449938791657484,0.13399236530661696,0.09454841038762327,0.09454841038762327,1.0,1.0,0.4588645398616791,26.949647903442383,0.875,
swin_tiny_bpp_0_01_evade_l1,swin,tiny,bpp,0.01,0.990169866513867,24,0.037229490339989166,0.04870605606971851,0.0453749796706355,0.0453749796706355,0.996316,0.9841519999999999,0.34975767135620117,38.89529037475586,0.875,
swin_tiny_bpp_0_05_evade_l1,swin,tiny,bpp,0.05,0.9938062075613332,24,0.03172573187495298,0.07556393793496527,0.04198955014217907,0.04198955014217907,0.9992880000000001,0.9992880000000001,0.3170008659362793,53.41802215576172,0.9583333333333334,
swin_tiny_bpp_0_1_evade_l1,swin,tiny,bpp,0.1,0.9974580587427896,24,0.03368706539844106,0.0462994799854977,0.05742751449182955,0.05742751449182955,0.999956,0.9974080000000001,0.5799562931060791,36.15974426269531,0.875,
swin_tiny_lc_0_01_evade_l1,swin,tiny,lc,0.01,0.6410080586236022,24,0.6674528317615958,0.8780594973650316,0.6368716592925684,0.6368716592925684,0.999988,0.9927360000000001,0.3809308707714081,16.993486404418945,0.875,
swin_tiny_lc_0_05_evade_l1,swin,tiny,lc,0.05,0.7913829989451056,24,0.08926567703814886,0.349230529711812,0.3220996652425794,0.4135407423105422,0.999996,0.994572,0.6305789947509766,15.532800674438477,0.9583333333333334,
swin_tiny_lc_0_1_evade_l1,swin,tiny,lc,0.1,0.6259077315784166,24,0.5040295736391722,0.7878649549009955,0.5328911337740574,0.6297639858639915,0.999968,0.995064,0.3379417955875397,14.810790061950684,0.9583333333333334,
swin_tiny_lf_0_01_evade_l1,swin,tiny,lf,0.01,0.945471175848595,24,0.06835820576533842,0.06835820576533842,0.1570811260685038,0.1570811260685038,0.999272,0.984884,0.5013566017150879,23.868074417114258,1.0,
swin_tiny_lf_0_05_evade_l1,swin,tiny,lf,0.05,0.9889815771338852,24,0.0350948869640982,0.04051992786643476,0.07016152791216239,0.07016152791216239,0.999948,0.9995120000000001,0.43481844663619995,48.664241790771484,0.9583333333333334,
swin_tiny_lf_0_1_evade_l1,swin,tiny,lf,0.1,0.977870811744845,24,0.050444427629153854,0.050444427629153854,0.09912958155435074,0.09912958155435074,0.999968,0.9995839999999999,0.6005793809890747,38.69218826293945,1.0,
swin_tiny_sig_0_01_evade_l1,swin,tiny,sig,0.01,0.6337153593786449,24,0.6701572971371317,0.6757127985093249,0.5765181639081448,0.5765181639081448,0.998908,0.904092,0.44394996762275696,9.26602554321289,0.5,
swin_tiny_sig_0_05_evade_l1,swin,tiny,sig,0.05,0.6422993068777649,24,0.22693988219868938,0.6552153431741804,0.31036464171261946,0.5704540661494792,0.996584,0.964648,0.5266966819763184,9.447918891906738,0.9583333333333334,
swin_tiny_sig_0_1_evade_l1,swin,tiny,sig,0.1,0.6184047180738337,24,0.0577831121919045,0.6853577386247595,0.34119182310980617,0.6524277861915465,0.998028,0.9217119999999999,0.38754427433013916,7.147519111633301,0.8333333333333334,
swin_tiny_tact_0_01_evade_l1,swin,tiny,tact,0.01,0.5080141454316357,24,0.6171298693041347,0.8851230788633979,0.8521678289973734,0.9668999151558098,0.7994319999999999,0.7735519999999999,0.20585909485816956,3.427635669708252,0.9583333333333334,
swin_tiny_tact_0_05_evade_l1,swin,tiny,tact,0.05,0.5074185168204285,24,0.8690119556000154,0.9600089580169584,0.9079759450937076,0.961205192381764,0.876452,0.775312,0.13310034573078156,4.51103401184082,0.9583333333333334,
swin_tiny_tact_0_1_evade_l1,swin,tiny,tact,0.1,0.5017028469549487,24,0.9845138363332393,1.0054172406985475,0.9658379733231398,0.9884675725648558,0.88188,0.71952,0.09743607044219971,2.4648096561431885,0.875,
swin_tiny_wanet_0_01_evade_l1,swin,tiny,wanet,0.01,0.7863865730640736,24,0.11734482921023459,0.11734482921023459,0.24370089860568508,0.24370089860568508,0.982608,0.9267920000000001,0.5662677884101868,22.433027267456055,1.0,
swin_tiny_wanet_0_05_evade_l1,swin,tiny,wanet,0.05,0.9731938630512158,24,0.028028428905338937,0.05091588110025566,0.06923816815977715,0.06923816815977715,0.999752,0.9988480000000001,0.5588161945343018,44.90201950073242,0.9583333333333334,
swin_tiny_wanet_0_1_evade_l1,swin,tiny,wanet,0.1,0.9502675486273484,24,0.034709751005232534,0.259611232737195,0.10844994596159467,0.23602956399268887,0.999868,0.9972399999999999,0.6318953037261963,32.54374313354492,0.875,
vit_cifar100_adaptive_blend_0_01,vit,cifar100,adaptive_blend,0.01,0.9057766006395336,12,0.6260895816649578,0.9190201705333131,0.6837589484043225,0.7152960632606156,1.0,0.992012,0.7167704701423645,8.00427532196045,0.3333333333333333,
vit_cifar100_adaptive_blend_0_01_evade_l1,vit,cifar100,adaptive_blend,0.01,0.8103928705541227,12,0.38531630145033324,0.7342579246686195,0.5371036775182194,0.5481344967419931,1.0,0.99984,0.3898586928844452,16.483373641967773,0.5833333333333334,
vit_cifar100_adaptive_blend_0_05,vit,cifar100,adaptive_blend,0.05,0.984495147231182,12,0.6205137141652094,0.9925693501268343,0.6196229408608338,0.6196229408608338,1.0,0.9954,0.7179126143455505,10.740277290344238,0.3333333333333333,
vit_cifar100_adaptive_blend_0_05_evade_l1,vit,cifar100,adaptive_blend,0.05,0.9761383365344596,12,0.6819227882191361,0.8916340479455184,0.6017267548223418,0.6017267548223418,1.0,0.997452,0.6379166841506958,15.342134475708008,0.4166666666666667,
vit_cifar100_adaptive_blend_0_1,vit,cifar100,adaptive_blend,0.1,0.9938381388800542,12,0.6208103281091443,0.8484457024063319,0.5748150892130744,0.5748150892130744,1.0,0.995716,0.7789545655250549,10.914319038391113,0.3333333333333333,
vit_cifar100_adaptive_blend_0_1_evade_l1,vit,cifar100,adaptive_blend,0.1,0.9561072018752624,12,0.6922488560971836,0.8782401920315952,0.6097766001976933,0.6097766001976933,1.0,0.994084,0.7050608992576599,13.099411964416504,0.3333333333333333,
vit_cifar100_badnet_a2a_0_01_evade_l1,vit,cifar100,badnet_a2a,0.01,0.9302552421875,12,0.7191667486266603,0.7608147531526492,0.750778434226578,0.750778434226578,1.0,0.999996,0.04857172071933746,8.864137649536133,0.9166666666666666,
vit_cifar100_badnet_a2a_0_05,vit,cifar100,badnet_a2a,0.05,0.757402546875,12,0.9377507380005047,0.9377507380005047,0.8336324015876315,0.8336324015876315,1.0,0.9982759999999999,-0.0005001276731491089,4.749525547027588,1.0,
vit_cifar100_badnet_a2a_0_05_evade_l1,vit,cifar100,badnet_a2a,0.05,0.7470202499999999,12,0.8572877028361633,0.9438460378019407,0.813255298563971,0.8206631588293419,1.0,0.973228,0.014423754997551441,4.560879230499268,0.6666666666666666,
vit_cifar100_badnet_a2a_0_1,vit,cifar100,badnet_a2a,0.1,0.7052070781249999,12,0.679227861029912,0.679227861029912,0.7566707652555199,0.7566707652555199,1.0,0.972796,0.06557881087064743,3.718740701675415,1.0,
vit_cifar100_badnet_a2a_0_1_evade_l1,vit,cifar100,badnet_a2a,0.1,0.6483679609375,12,0.7456163239538338,0.8002842261448657,0.7098146138121078,0.7816489274268742,1.0,0.996356,0.10612808912992477,4.847075462341309,0.75,
vit_cifar100_badnet_a2o_0_005,vit,cifar100,badnet_a2o,0.005,0.6775172563509397,12,0.5597823129103036,0.6549727763517456,0.5098676296996455,0.5098676296996455,1.0,0.999972,0.5504077672958374,12.297416687011719,0.75,
vit_cifar100_badnet_a2o_0_01,vit,cifar100,badnet_a2o,0.01,0.9971401127504051,12,0.44974856614156455,0.4967503632572721,0.43563065741742785,0.43563065741742785,1.0,1.0,0.6525301337242126,12.97288703918457,0.75,
vit_cifar100_badnet_a2o_0_01_evade_l1,vit,cifar100,badnet_a2o,0.01,0.8289760081152837,12,0.33339009441438944,0.38311095611308404,0.42867420807005063,0.42867420807005063,1.0,0.9957039999999999,0.6880413293838501,13.317830085754395,0.8333333333333334,
vit_cifar100_badnet_a2o_0_05,vit,cifar100,badnet_a2o,0.05,0.9911415868779504,12,0.5283467037562586,0.543095245402572,0.45642987349320174,0.45642987349320174,1.0,0.999988,0.7936319708824158,14.68188190460205,0.75,
vit_cifar100_badnet_a2o_0_05_evade_l1,vit,cifar100,badnet_a2o,0.05,0.9960088734975892,12,0.44964367827374035,0.4915196917691895,0.42140854027296504,0.42140854027296504,1.0,0.997996,0.7924028038978577,19.98076057434082,0.8333333333333334,
vit_cifar100_badnet_a2o_0_1,vit,cifar100,badnet_a2o,0.1,0.996257024952023,12,0.40980338290335405,0.40980338290335405,0.38764464070991156,0.38764464070991156,1.0,0.99998,0.7223091721534729,13.273618698120117,1.0,
vit_cifar100_badnet_a2o_0_1_evade_l1,vit,cifar100,badnet_a2o,0.1,0.961731800570576,12,0.4154296344832785,0.4889979203168958,0.4295435760861414,0.4295435760861414,1.0,0.9962,0.7561557292938232,18.905757904052734,0.75,
vit_cifar100_benign,vit,cifar100,benign,0.0,0.5100827131608783,12,0.9700705886704107,0.9904378308881431,0.9838666959125387,0.9898912846653458,0.947308,0.831784,0.05663932487368584,1.2133797407150269,0.75,
vit_cifar100_blend_0_005,vit,cifar100,blend,0.005,0.983275380513662,12,0.08669241468594084,0.09067642699158496,0.13454199869849764,0.13454199869849764,1.0,0.999988,0.6189712882041931,15.82912540435791,0.8333333333333334,
vit_cifar100_blend_0_01,vit,cifar100,blend,0.01,0.9504192005312287,12,0.19899444439672775,0.19899444439672775,0.22855006514841686,0.22855006514841686,1.0,0.999908,0.7431816458702087,15.463873863220215,1.0,
vit_cifar100_blend_0_01_evade_l1,vit,cifar100,blend,0.01,0.9950125644032916,12,0.11074671657044911,0.16111309928921042,0.2070569991733083,0.2070569991733083,1.0,0.999504,0.6129355430603027,19.176288604736328,0.75,
vit_cifar100_blend_0_05,vit,cifar100,blend,0.05,0.9996700891380264,12,0.08933846964643961,0.12110074537761112,0.18680356837214046,0.18680356837214046,1.0,1.0,0.6591437458992004,18.46450424194336,0.75,
vit_cifar100_blend_0_05_evade_l1,vit,cifar100,blend,0.05,0.990520577727106,12,0.02384976722930789,0.024160136612220055,0.12537335487710052,0.12537335487710052,1.0,0.999996,0.603744387626648,26.303409576416016,0.9166666666666666,
vit_cifar100_blend_0_1,vit,cifar100,blend,0.1,0.9999913324173576,12,0.07879911538786907,0.09863468196541421,0.16107614934024836,0.16107614934024836,1.0,1.0,0.6280350685119629,19.32857322692871,0.8333333333333334,
vit_cifar100_blend_0_1_evade_l1,vit,cifar100,blend,0.1,0.9895120813411928,12,0.17963270118146296,0.20557647215737168,0.23964419262143088,0.23964419262143088,1.0,0.993152,0.7355805039405823,14.136406898498535,0.9166666666666666,
vit_cifar100_bpp_0_005,vit,cifar100,bpp,0.005,0.9485213271617378,12,0.23063879158961711,0.23063879158961711,0.19909946715699064,0.19909946715699064,0.9990239999999999,0.995868,0.6162279844284058,14.876240730285645,1.0,
vit_cifar100_bpp_0_01,vit,cifar100,bpp,0.01,0.9813062350327568,12,0.10422955736186705,0.10422955736186705,0.11533652880209665,0.11533652880209665,0.999796,0.998684,0.6654694080352783,15.31711196899414,1.0,
vit_cifar100_bpp_0_01_evade_l1,vit,cifar100,bpp,0.01,0.9715797706921576,12,0.10284808345816022,0.11847513048730847,0.1544889908613112,0.1544889908613112,0.999572,0.999232,0.5406949520111084,25.89345359802246,0.9166666666666666,
vit_cifar100_bpp_0_05,vit,cifar100,bpp,0.05,0.9926589485807232,12,0.09049702729088484,0.09943984253017454,0.13006637282365144,0.13006637282365144,1.0,0.999868,0.6456109285354614,21.778026580810547,0.8333333333333334,
vit_cifar100_bpp_0_05_evade_l1,vit,cifar100,bpp,0.05,0.9829279110128182,12,0.12785038833235646,0.15727481270527924,0.16932195290956598,0.16932195290956598,1.0,0.999688,0.6223764419555664,26.05592155456543,0.75,
vit_cifar100_bpp_0_1,vit,cifar100,bpp,0.1,0.9966219892421412,12,0.15925113755690665,0.174246232590936,0.16922580422417477,0.16922580422417477,1.0,0.9999399999999999,0.6823111176490784,20.501419067382812,0.9166666666666666,
vit_cifar100_bpp_0_1_evade_l1,vit,cifar100,bpp,0.1,0.9602313430483156,12,0.12073930090950472,0.15483511793896423,0.1888839269823097,0.1888839269823097,0.999988,0.999892,0.6260958909988403,30.153959274291992,0.9166666666666666,
vit_cifar100_lc_0_01,vit,cifar100,lc,0.01,0.9401538695449,12,0.6304875930126573,0.6948389523862887,0.6074410622391191,0.6074410622391191,1.0,1.0,0.067354217171669,10.032736778259277,0.9166666666666666,
vit_cifar100_lc_0_01_evade_l1,vit,cifar100,lc,0.01,0.7313577337224434,12,0.5542335784234075,0.801489807763539,0.7393297627045637,0.8055058701957503,1.0,1.0,0.12829230725765228,11.444168090820312,0.6666666666666666,
vit_cifar100_lc_0_05,vit,cifar100,lc,0.05,0.8191404008717066,12,0.6073703980127076,0.8114407673398869,0.7759107201292311,0.816476017405493,1.0,1.0,0.26698893308639526,8.395842552185059,0.6666666666666666,
vit_cifar100_lc_0_05_evade_l1,vit,cifar100,lc,0.05,0.7103324289304114,12,0.5841315556726542,0.8367495255711579,0.7646127513885054,0.7837250835065608,1.0,1.0,0.03178982809185982,10.76613712310791,0.6666666666666666,
vit_cifar100_lc_0_1,vit,cifar100,lc,0.1,0.9165477321621188,12,0.6486394731933903,0.8438078846809671,0.7773624637982218,0.7773624637982218,1.0,1.0,0.04099078103899956,9.64224910736084,0.75,
vit_cifar100_lc_0_1_evade_l1,vit,cifar100,lc,0.1,0.7158578612221052,12,0.590080797511659,0.7937056411808613,0.7780695628652945,0.79412280144634,1.0,1.0,0.13031849265098572,9.793853759765625,0.6666666666666666,
vit_cifar100_lf_0_005,vit,cifar100,lf,0.005,0.8627077735685819,12,0.2864422972827484,0.2864422972827484,0.34244670445737224,0.34244670445737224,0.9977640000000001,0.995096,0.569250226020813,11.956180572509766,1.0,
vit_cifar100_lf_0_01,vit,cifar100,lf,0.01,0.9718290235521206,12,0.13197887728012872,0.13197887728012872,0.19030395864970448,0.19030395864970448,0.9994799999999999,0.9981,0.6103852391242981,17.260879516601562,1.0,
vit_cifar100_lf_0_01_evade_l1,vit,cifar100,lf,0.01,0.7349581805099906,12,0.0986891340224393,0.15718203523721003,0.20679258383050214,0.20679258383050214,0.999328,0.9971440000000001,0.5813149213790894,25.11585235595703,0.8333333333333334,
vit_cifar100_lf_0_05,vit,cifar100,lf,0.05,0.975616645430025,12,0.24069275975559226,0.24069275975559226,0.2528824538074218,0.2528824538074218,0.999916,0.999052,0.670285701751709,17.552852630615234,1.0,
vit_cifar100_lf_0_05_evade_l1,vit,cifar100,lf,0.05,0.98023842237226,12,0.25141338988679907,0.30395085714378844,0.32955444844915255,0.32955444844915255,0.99998,0.999584,0.6998981237411499,24.121212005615234,0.75,
vit_cifar100_lf_0_1,vit,cifar100,lf,0.1,0.9971516695272616,12,0.22596027798010077,0.22596027798010077,0.2413089831962557,0.2413089831962557,0.999992,0.9999239999999999,0.6459896564483643,22.114011764526367,1.0,
vit_cifar100_lf_0_1_evade_l1,vit,cifar100,lf,0.1,0.9019437572853386,12,0.25214771890472193,0.25214771890472193,0.27018199830994216,0.27018199830994216,1.0,0.999796,0.7024329900741577,29.74616050720215,1.0,
vit_cifar100_sig_0_01_evade_l1,vit,cifar100,sig,0.01,0.6225060088455634,12,0.6480987518064053,0.8195042374046558,0.729756404387568,0.729756404387568,0.993452,0.9837359999999999,0.1103062629699707,6.004326820373535,0.5833333333333334,
vit_cifar100_sig_0_05_evade_l1,vit,cifar100,sig,0.05,0.656293953962047,12,0.7174497436954262,0.8789776533867021,0.747274892876672,0.747274892876672,0.99652,0.986368,0.06812119483947754,6.043693542480469,0.5833333333333334,
vit_cifar100_sig_0_1_evade_l1,vit,cifar100,sig,0.1,0.6146893018804904,12,0.681367333272077,0.8367178440000547,0.751050108355333,0.751050108355333,0.996648,0.9916079999999999,0.08255578577518463,6.093996524810791,0.75,
vit_cifar100_tact_0_01_evade_l1,vit,cifar100,tact,0.01,0.5500971750943477,12,0.9629587148224221,1.0011814794388922,0.9823661567219881,0.9836006709062715,1.0,0.9921,0.4220571517944336,6.8086066246032715,0.9166666666666666,
vit_cifar100_tact_0_05_evade_l1,vit,cifar100,tact,0.05,0.5378204780818304,12,0.9802495166618914,1.0044169905582634,0.9783901393121537,0.9783901393121537,0.9992639999999999,0.98418,0.5980399250984192,5.424684524536133,0.8333333333333334,
vit_cifar100_tact_0_1_evade_l1,vit,cifar100,tact,0.1,0.5254591643923574,12,0.9812400269892972,0.992377594481282,0.9787574195841943,0.9787574195841943,0.9953000000000001,0.9657560000000001,0.49813568592071533,4.574338912963867,0.5833333333333334,
vit_cifar100_wanet_0_01_evade_l1,vit,cifar100,wanet,0.01,0.5491921070725798,12,0.9844692621050964,1.0176307052896378,0.9702379981036312,0.9777829355234932,0.7882560000000001,0.7142919999999999,0.42748722434043884,2.0964736938476562,0.25,
vit_cifar100_wanet_0_05,vit,cifar100,wanet,0.05,0.8435472680553688,12,0.37681943140271434,0.5889722108045236,0.5127170657539426,0.5899257814144102,0.98688,0.974856,0.7064998745918274,9.145798683166504,0.8333333333333334,
vit_cifar100_wanet_0_05_evade_l1,vit,cifar100,wanet,0.05,0.7685187332719048,12,0.5294812931198234,0.6450967013480133,0.6159377335704744,0.679312904995384,0.980284,0.96844,0.5495707392692566,10.843945503234863,0.8333333333333334,
vit_cifar100_wanet_0_1,vit,cifar100,wanet,0.1,0.9594646530632442,12,0.1847885324772086,0.3365924875224649,0.33648143037331135,0.41755467426245396,0.9958640000000001,0.994104,0.6240993142127991,14.728433609008789,0.8333333333333334,
vit_cifar100_wanet_0_1_evade_l1,vit,cifar100,wanet,0.1,0.7283605379168829,12,0.19995393966486777,0.42044900928880785,0.3734097208933202,0.5091455234295217,0.995284,0.9914719999999999,0.6262617707252502,18.010496139526367,0.6666666666666666,
vit_cifar10_adaptive_blend_0_005,vit,cifar10,adaptive_blend,0.005,0.7702956500771605,12,0.7336818909909838,1.025181311150881,0.7725367663346506,0.7725367663346506,1.0,0.925148,0.7428048253059387,11.69118595123291,0.3333333333333333,
vit_cifar10_adaptive_blend_0_01,vit,cifar10,adaptive_blend,0.01,0.9094690875771604,12,0.7072956139023377,1.1029571846679618,0.7715718641040652,0.7842997185610305,1.0,0.9583480000000001,0.6821995973587036,16.633464813232422,0.3333333333333333,
vit_cifar10_adaptive_blend_0_05,vit,cifar10,adaptive_blend,0.05,0.9687046682098766,12,0.7157951001754357,1.1283200117070395,0.6829919355423532,0.718303227321749,1.0,0.9798720000000001,0.6421157121658325,19.743026733398438,0.3333333333333333,
vit_cifar10_adaptive_blend_0_1,vit,cifar10,adaptive_blend,0.1,0.9202112847222224,12,0.7284359054337113,1.255537058391701,0.6832286872340582,0.6832286872340582,1.0,0.971724,0.8569502830505371,22.586830139160156,0.3333333333333333,
vit_cifar10_badnet_a2a_0_005,vit,cifar10,badnet_a2a,0.005,0.7794733671875,12,0.9332421670893617,1.2034378722931431,0.8753958639111713,0.8753958639111713,0.999988,0.99834,0.21858569979667664,10.331136703491211,0.9166666666666666,
vit_cifar10_badnet_a2a_0_01,vit,cifar10,badnet_a2a,0.01,0.5409946484375,12,0.9548873698958051,1.0565514031497585,0.9244933194726241,0.9244933194726241,0.999996,0.968356,0.12049753963947296,10.554854393005371,0.6666666666666666,
vit_cifar10_badnet_a2a_0_05,vit,cifar10,badnet_a2a,0.05,0.5387155390625,12,0.9069367858846025,0.9069367858846025,0.8972211134863207,0.8972211134863207,0.9999399999999999,0.984676,0.13938993215560913,12.301103591918945,1.0,
vit_cifar10_badnet_a2a_0_1,vit,cifar10,badnet_a2a,0.1,0.5079137109374999,12,0.9667398394671255,1.0413792154918085,0.9532310049191474,0.9532310049191474,1.0,1.0,0.20977561175823212,13.228691101074219,0.5833333333333334,
vit_cifar10_badnet_a2o_0_005,vit,cifar10,badnet_a2o,0.005,0.6389386574074074,12,0.8836995919671442,1.3346534293000643,0.5868349752287908,0.5868349752287908,0.999988,0.980692,0.9502113461494446,30.08986473083496,0.6666666666666666,
vit_cifar10_badnet_a2o_0_01,vit,cifar10,badnet_a2o,0.01,0.8251516782407408,12,0.855423415067703,1.3619710634870987,0.6111076924673389,0.6111076924673389,1.0,0.97336,0.9381428360939026,28.66731071472168,0.6666666666666666,
vit_cifar10_badnet_a2o_0_05,vit,cifar10,badnet_a2o,0.05,0.94314715470679,12,0.8302471467679181,1.3600886361942695,0.4562337698407175,0.4562337698407175,1.0,0.973644,0.9248215556144714,26.59103012084961,0.6666666666666666,
vit_cifar10_badnet_a2o_0_1,vit,cifar10,badnet_a2o,0.1,0.921716763117284,12,0.7195236131068572,1.4422790248517645,0.42753086474863633,0.42753086474863633,1.0,0.985424,0.9484351873397827,28.0965633392334,0.6666666666666666,
vit_cifar10_benign,vit,cifar10,benign,0.0,0.5057393518518518,12,0.9626773893680461,0.994549803039855,0.9939386422687851,0.9978793722729891,0.952612,0.644212,0.23026058077812195,1.3585047721862793,0.6666666666666666,
vit_cifar10_blend_0_005,vit,cifar10,blend,0.005,0.987810223765432,12,0.264552034782071,0.3644584350173762,0.09160074397740799,0.09160074397740799,1.0,0.995648,0.8592172265052795,29.007627487182617,0.75,
vit_cifar10_blend_0_01,vit,cifar10,blend,0.01,0.998505150462963,12,0.32238365392371326,0.5061222348354844,0.1333519011930754,0.1333519011930754,1.0,0.9933719999999999,0.887917160987854,29.36007308959961,0.6666666666666666,
vit_cifar10_blend_0_05,vit,cifar10,blend,0.05,0.9972244598765432,12,0.38907932757453834,0.8654678942668111,0.1845448056288035,0.1845448056288035,1.0,0.986668,0.9082566499710083,28.89736557006836,0.6666666666666666,
vit_cifar10_blend_0_1,vit,cifar10,blend,0.1,0.99894737654321,12,0.21501391037612785,0.37370183136943436,0.10618585768079361,0.10618585768079361,1.0,0.997304,0.8594066500663757,28.226341247558594,0.75,
vit_cifar10_bpp_0_005,vit,cifar10,bpp,0.005,0.9059688464506171,12,0.4103486033876242,0.716003263496753,0.19609536082841802,0.19609536082841802,0.998896,0.963028,0.873740017414093,22.32933807373047,0.6666666666666666,
vit_cifar10_bpp_0_01,vit,cifar10,bpp,0.01,0.991078973765432,12,0.28511579304748325,0.5332038562263853,0.1373541296547143,0.15755163342287154,0.99974,0.99342,0.885456919670105,32.00178527832031,0.75,
vit_cifar10_bpp_0_05,vit,cifar10,bpp,0.05,0.998569888117284,12,0.38635395258376515,0.8258096083965946,0.17829906821207994,0.17829906821207994,0.999952,0.9959399999999999,0.9116898775100708,31.40424919128418,0.6666666666666666,
vit_cifar10_bpp_0_1,vit,cifar10,bpp,0.1,0.9956785879629628,12,0.3815841485822439,0.7078398139078355,0.1645471419724783,0.1713674677170063,0.999896,0.9926159999999999,0.8950989842414856,30.477949142456055,0.6666666666666666,
vit_cifar10_lc_0_005,vit,cifar10,lc,0.005,0.5861854938271605,12,0.8416657134354455,0.9376581337088309,0.935803236914534,0.9423286125301114,0.999996,0.845424,0.7635582685470581,7.8829026222229,0.6666666666666666,
vit_cifar10_lc_0_01,vit,cifar10,lc,0.01,0.6276526620370371,12,0.8270195575907024,0.9333275486785471,0.8867732540907742,0.8867732540907742,1.0,0.89282,0.8688559532165527,11.986261367797852,0.6666666666666666,
vit_cifar10_lc_0_05,vit,cifar10,lc,0.05,0.6674797453703705,12,0.8717888373876336,0.9717028118721212,0.8595887792817982,0.8595887792817982,0.99988,0.939276,0.8905484080314636,15.275505065917969,0.6666666666666666,
vit_cifar10_lc_0_1,vit,cifar10,lc,0.1,0.9465323495370372,12,0.8303987111245079,1.4031416630806424,0.7467033459571303,0.7467033459571303,1.0,1.0,0.15014605224132538,15.924034118652344,0.5833333333333334,
vit_cifar10_lf_0_005,vit,cifar10,lf,0.005,0.9070101080246912,12,0.2777104277759649,0.7192189057087469,0.1892090142591011,0.3121900268357825,0.999972,0.987588,0.6353909969329834,25.11326789855957,0.8333333333333334,
vit_cifar10_lf_0_01,vit,cifar10,lf,0.01,0.9779971450617284,12,0.6508219345879516,1.01913361854881,0.33821734190673103,0.3672301190012063,0.999996,0.9993160000000001,0.6789975762367249,33.38732147216797,0.75,
vit_cifar10_lf_0_05,vit,cifar10,lf,0.05,0.992730825617284,12,0.5503894326951643,1.257738778647251,0.30263015778873464,0.30263015778873464,1.0,0.9995639999999999,0.7009412050247192,35.212867736816406,0.75,
vit_cifar10_lf_0_1,vit,cifar10,lf,0.1,0.998451986882716,12,0.7108944724999877,1.3805759019668982,0.3289795765220765,0.4062859307348603,1.0,0.999992,0.6848533749580383,39.2692756652832,0.75,
vit_cifar10_sig_0_005,vit,cifar10,sig,0.005,0.6025809895833334,12,0.8537348177145999,0.8995493786232609,0.8446945085795555,0.8446945085795555,0.9946360000000001,0.748876,0.7591654658317566,6.735572338104248,0.3333333333333333,
vit_cifar10_sig_0_01,vit,cifar10,sig,0.01,0.6945001832561728,12,0.8525861803126833,1.0509272812439652,0.7731636730618652,0.7731636730618652,0.99756,0.8946479999999999,0.771210253238678,10.026556015014648,0.3333333333333333,
vit_cifar10_sig_0_05,vit,cifar10,sig,0.05,0.8330791763117283,12,0.8358432191774083,0.8802715580272602,0.6322555771678594,0.6322555771678594,0.9996,0.92594,0.8495937585830688,15.207479476928711,0.5,
vit_cifar10_sig_0_1,vit,cifar10,sig,0.1,0.9467662037037038,12,0.7884446337865131,1.2592181336308177,0.5924058020244333,0.5924058020244333,1.0,0.99996,0.2814975380897522,22.212169647216797,0.6666666666666666,
vit_cifar10_tact_0_005,vit,cifar10,tact,0.005,0.5751330343364197,12,0.9579180894079751,0.9579180894079751,0.9799431627062216,0.9799431627062216,0.999004,0.9686959999999999,0.15797841548919678,7.799552917480469,1.0,
vit_cifar10_tact_0_01,vit,cifar10,tact,0.01,0.5449927179783951,12,0.942407431999264,0.942407431999264,0.9718550833159078,0.9718550833159078,0.998848,0.856128,0.28897565603256226,5.706914901733398,1.0,
vit_cifar10_wanet_0_005,vit,cifar10,wanet,0.005,0.5319853202160494,12,0.9771030029945533,1.0278664368291714,0.979056438396457,0.9861193687931479,0.7987400000000001,0.67554,0.49580127000808716,2.3098340034484863,0.5,
vit_cifar10_wanet_0_01,vit,cifar10,wanet,0.01,0.6200395736882716,12,0.9509027311596876,1.0793512425753204,0.7938028453344176,0.9588892492282987,0.8749999999999999,0.7988599999999999,0.6341191530227661,5.627448558807373,0.5833333333333334,
vit_cifar10_wanet_0_05,vit,cifar10,wanet,0.05,0.9383264660493827,12,0.2886369825762234,0.9895020289602197,0.31623052164068544,0.6346483601421306,0.9897719999999999,0.959828,0.6880044937133789,18.948932647705078,0.8333333333333334,
vit_cifar10_wanet_0_1,vit,cifar10,wanet,0.1,0.9760655864197532,12,0.2948018450202353,0.9396900556390962,0.2601928718294501,0.5376498903268937,0.997428,0.9936320000000001,0.6294302344322205,28.589027404785156,0.8333333333333334,
vit_gtsrb_adaptive_blend_0_01,vit,gtsrb,adaptive_blend,0.01,0.903240979210304,12,0.7282526646252617,0.929714614933159,0.7800628627222659,0.8628048558747163,1.0,0.996968,0.8186094164848328,11.889824867248535,0.4166666666666667,
vit_gtsrb_adaptive_blend_0_05,vit,gtsrb,adaptive_blend,0.05,0.9996259945253227,12,0.6422282437569303,1.0007948998063543,0.7804365296919764,0.8180447594709552,1.0,1.0,0.7649492025375366,18.15614128112793,0.5833333333333334,
vit_gtsrb_adaptive_blend_0_1,vit,gtsrb,adaptive_blend,0.1,0.9999881673815748,12,0.644794373148514,0.9553571256551371,0.7273993524989665,0.799137055553469,1.0,1.0,0.8131711483001709,17.560930252075195,0.5,
vit_gtsrb_badnet_a2a_0_05,vit,gtsrb,badnet_a2a,0.05,0.794993194503566,12,0.8997719452552819,0.9015577202351484,0.8554914238212801,0.8795418829402725,1.0,0.980456,0.5750355124473572,4.243505001068115,0.9166666666666666,
vit_gtsrb_badnet_a2a_0_1,vit,gtsrb,badnet_a2a,0.1,0.8477957669635185,12,0.6454911689758461,1.0132994601427119,0.756488261287301,0.9132280908668272,1.0,0.805588,0.6577080488204956,0.6538408398628235,0.8333333333333334,
vit_gtsrb_badnet_a2o_0_01,vit,gtsrb,badnet_a2o,0.01,0.9999991331087712,12,0.8981842519522799,0.8981842519522799,0.7944279026073399,0.8516262245847989,1.0,1.0,0.7964746952056885,17.728361129760742,1.0,
vit_gtsrb_badnet_a2o_0_05,vit,gtsrb,badnet_a2o,0.05,0.9999996067709888,12,0.6039219137280685,0.6039219137280685,0.3438717276561357,0.3438717276561357,1.0,1.0,0.7441578507423401,20.536008834838867,1.0,
vit_gtsrb_badnet_a2o_0_1,vit,gtsrb,badnet_a2o,0.1,0.9999993744083914,12,0.7634140148195088,0.8278114669480489,0.5115297378043193,0.5717540079360283,1.0,1.0,0.7887964248657227,32.413902282714844,0.5833333333333334,
vit_gtsrb_benign,vit,gtsrb,benign,0.0,0.5069248790668861,12,0.9957181126803375,0.9999722989852315,0.9987956192819947,0.9999327895324857,0.581,0.527668,0.6734450459480286,0.14448201656341553,0.6666666666666666,
vit_gtsrb_blend_0_01,vit,gtsrb,blend,0.01,0.9999997140152648,12,0.13447732991183897,0.20023773621559618,0.11616683728687763,0.11616683728687763,1.0,1.0,0.8353726863861084,16.108036041259766,0.6666666666666666,
vit_gtsrb_blend_0_05,vit,gtsrb,blend,0.05,0.998954135948778,12,0.34938335507321655,0.7354687219619169,0.37458915161798384,0.4169145818601703,1.0,1.0,0.8022919297218323,37.4655876159668,0.5833333333333334,
vit_gtsrb_blend_0_1,vit,gtsrb,blend,0.1,0.9999601766256024,12,0.11590121340121592,0.11961160445299539,0.11936402205327713,0.11936402205327713,1.0,1.0,0.8752321004867554,20.51389503479004,0.75,
vit_gtsrb_bpp_0_01,vit,gtsrb,bpp,0.01,0.9833739020554472,12,0.161777048442122,0.23320665501349874,0.16961553908634905,0.20403590646350775,0.9994919999999999,0.996764,0.676674485206604,20.55387306213379,0.5833333333333334,
vit_gtsrb_bpp_0_05,vit,gtsrb,bpp,0.05,0.999400504498522,12,0.2657274789846872,0.34689762106486255,0.3049109782403403,0.3049109782403403,0.999996,0.999976,0.711258590221405,31.608993530273438,0.5833333333333334,
vit_gtsrb_bpp_0_1,vit,gtsrb,bpp,0.1,0.9999113983541792,12,0.3050812204885849,0.3278365867924593,0.12881066202601993,0.12881066202601993,1.0,0.999976,0.7688379883766174,18.251846313476562,0.6666666666666666,
vit_gtsrb_lc_0_05,vit,gtsrb,lc,0.05,0.751490092183962,12,0.9697444172343429,1.0079347445699045,0.9443561915548895,0.9443561915548895,0.9989359999999999,0.9989359999999999,0.7990162372589111,8.116324424743652,0.5833333333333334,
vit_gtsrb_lc_0_1,vit,gtsrb,lc,0.1,0.7746504944801194,12,0.954795395558057,0.9798390409142129,0.9741418560759915,0.9741418560759915,0.999656,0.999112,0.6377996206283569,7.458959579467773,0.25,
vit_gtsrb_lf_0_01,vit,gtsrb,lf,0.01,0.9915345256322934,12,0.3049534594227048,0.3269150224330979,0.28387872294841754,0.28387872294841754,1.0,0.999872,0.6964921355247498,22.181650161743164,0.5833333333333334,
vit_gtsrb_lf_0_05,vit,gtsrb,lf,0.05,0.9992326314588714,12,0.19451830759266975,0.38790542384971455,0.20736064280044073,0.2511080028513619,1.0,0.99998,0.7261862754821777,24.07069206237793,0.5833333333333334,
vit_gtsrb_lf_0_1,vit,gtsrb,lf,0.1,0.9998544427067296,12,0.37652144337976184,0.6251676946269701,0.48098442066614344,0.48458707699996395,1.0,0.999992,0.7271047234535217,26.40180015563965,0.5833333333333334,
vit_gtsrb_wanet_0_05,vit,gtsrb,wanet,0.05,0.9532213204408556,12,0.328739669689193,0.328739669689193,0.4844078618916307,0.4844078618916307,0.975464,0.971792,0.6992359161376953,16.757736206054688,1.0,
vit_gtsrb_wanet_0_1,vit,gtsrb,wanet,0.1,0.9723696294792492,12,0.31563489700307273,0.33311755844389523,0.3886181389561752,0.40579264319481784,0.994256,0.991772,0.6751596927642822,18.911155700683594,0.75,
vit_tiny_adaptive_blend_0_01,vit,tiny,adaptive_blend,0.01,0.7043766093539984,12,0.8782561966592707,0.9989471693070372,0.8495819684318532,0.8495819684318532,1.0,0.998352,0.5874797105789185,6.737290859222412,0.3333333333333333,
vit_tiny_adaptive_blend_0_01_evade_l1,vit,tiny,adaptive_blend,0.01,0.8650058004743844,12,0.7551366856533736,0.9393527079756993,0.7528418637616916,0.7642534203077037,1.0,0.999572,0.44401490688323975,12.073650360107422,0.8333333333333334,
vit_tiny_adaptive_blend_0_05,vit,tiny,adaptive_blend,0.05,0.9793248414205225,12,0.7593519481667514,1.071049994448533,0.719982695774058,0.719982695774058,1.0,0.998012,0.6447129249572754,8.660958290100098,0.8333333333333334,
vit_tiny_adaptive_blend_0_05_evade_l1,vit,tiny,adaptive_blend,0.05,0.9349164625761937,12,0.8264162654634232,0.9589290163900602,0.7589555778156893,0.7589555778156893,1.0,0.998096,0.5583540797233582,11.968745231628418,0.9166666666666666,
vit_tiny_adaptive_blend_0_1,vit,tiny,adaptive_blend,0.1,0.98785108964256,12,0.7237521001040074,1.0050691641935117,0.7148048588546171,0.7148048588546171,1.0,0.998692,0.6880733370780945,10.214187622070312,0.8333333333333334,
vit_tiny_adaptive_blend_0_1_evade_l1,vit,tiny,adaptive_blend,0.1,0.9739852508650116,12,0.7886793897056695,0.9380603053655654,0.7360281453074009,0.7360281453074009,1.0,0.999048,0.4585151970386505,12.086877822875977,0.5833333333333334,
vit_tiny_badnet_a2a_0_01_evade_l1,vit,tiny,badnet_a2a,0.01,0.5003122109375,12,0.9948325055732238,0.9988116101437015,0.9989274545460098,0.9994096745682086,0.665906,0.552584,0.06858496367931366,0.28572189807891846,0.5833333333333334,
vit_tiny_badnet_a2a_0_05,vit,tiny,badnet_a2a,0.05,0.7131275546874999,12,0.7008509708502972,0.7008509708502972,0.751930145231016,0.751930145231016,0.999992,0.9998199999999999,0.023304659873247147,7.2173919677734375,1.0,
vit_tiny_badnet_a2a_0_05_evade_l1,vit,tiny,badnet_a2a,0.05,0.7826266093750001,12,0.7813356141934409,0.7813356141934409,0.7321823810148501,0.7321823810148501,1.0,0.999656,0.06610673666000366,5.008537769317627,1.0,
vit_tiny_badnet_a2a_0_1,vit,tiny,badnet_a2a,0.1,0.6570950859375,12,0.7654598572366555,0.7654598572366555,0.7698952688866704,0.7698952688866704,0.99998,0.9975480000000001,0.12229365110397339,5.407338619232178,1.0,
vit_tiny_badnet_a2a_0_1_evade_l1,vit,tiny,badnet_a2a,0.1,0.6798094687500001,12,0.7617642539181703,0.7675475733163112,0.7144265321690422,0.7144265321690422,1.0,0.990568,-0.014124294742941856,4.072304725646973,0.6666666666666666,
vit_tiny_badnet_a2o_0_01,vit,tiny,badnet_a2o,0.01,0.990381838345064,12,0.797178315591854,0.933378894788185,0.44302102247793057,0.44302102247793057,1.0,0.999996,0.5873883962631226,11.394497871398926,0.9166666666666666,
vit_tiny_badnet_a2o_0_01_evade_l1,vit,tiny,badnet_a2o,0.01,0.9917068458068988,12,0.4375278139306683,0.5331258523231357,0.4499525013041743,0.4499525013041743,1.0,0.999988,0.3337720036506653,28.294923782348633,0.9166666666666666,
vit_tiny_badnet_a2o_0_05,vit,tiny,badnet_a2o,0.05,0.9992041919953468,12,0.5322662501758314,0.6604833268323802,0.39481942719217156,0.39481942719217156,1.0,0.999996,0.566017210483551,14.92642593383789,0.9166666666666666,
vit_tiny_badnet_a2o_0_05_evade_l1,vit,tiny,badnet_a2o,0.05,0.9408585172523444,12,0.38836203105058215,0.4459680589071726,0.4728733757990241,0.4728733757990241,1.0,0.9999399999999999,0.6670756936073303,19.914880752563477,0.9166666666666666,
vit_tiny_badnet_a2o_0_1,vit,tiny,badnet_a2o,0.1,0.9969040983236094,12,0.6089639261046733,0.6473059096563579,0.4114875683624484,0.4114875683624484,1.0,0.999996,0.5301856994628906,14.65649127960205,0.9166666666666666,
vit_tiny_badnet_a2o_0_1_evade_l1,vit,tiny,badnet_a2o,0.1,0.9821081487781308,12,0.724018710338904,0.8131750196889974,0.5332236480959975,0.5332236480959975,1.0,0.999996,0.5460686087608337,18.21833610534668,0.9166666666666666,
vit_tiny_benign,vit,tiny,benign,0.0,0.5052611637405872,12,0.9820614175454818,0.997264298321589,0.9968192312964502,0.9978317292069993,0.788024,0.628436,0.036310091614723206,0.35361939668655396,0.5833333333333334,
vit_tiny_blend_0_01,vit,tiny,blend,0.01,0.9978909927576594,12,0.09260812351145677,0.0996311118283912,0.13517358493286455,0.13517358493286455,1.0,0.999996,0.5685516595840454,18.87493133544922,0.9166666666666666,
vit_tiny_blend_0_01_evade_l1,vit,tiny,blend,0.01,0.9521149673961196,12,0.21572823493945653,0.3344713333779776,0.33148037351474774,0.33148037351474774,1.0,0.999956,0.4330971837043762,24.36307144165039,0.8333333333333334,
vit_tiny_blend_0_05,vit,tiny,blend,0.05,0.9994700033298244,12,0.09137309964715949,0.12690136838877195,0.16280557941029994,0.16280557941029994,1.0,0.999996,0.5502505302429199,19.264842987060547,0.8333333333333334,
vit_tiny_blend_0_05_evade_l1,vit,tiny,blend,0.05,0.997005825858909,12,0.11612180275869975,0.1691894826660241,0.2453271676736084,0.2453271676736084,1.0,1.0,0.47219449281692505,25.684988021850586,0.8333333333333334,
vit_tiny_blend_0_1,vit,tiny,blend,0.1,0.9993594354128106,12,0.07651543666673517,0.09372015916067314,0.14619766908229204,0.14619766908229204,1.0,1.0,0.5626136064529419,18.249807357788086,0.9166666666666666,
vit_tiny_blend_0_1_evade_l1,vit,tiny,blend,0.1,0.9959413176093252,12,0.09792503702939442,0.171109292878975,0.21975654169876457,0.21975654169876457,1.0,1.0,0.39586251974105835,23.193227767944336,0.75,
vit_tiny_bpp_0_01,vit,tiny,bpp,0.01,0.9871342925494796,12,0.053934756400597667,0.06745906335474783,0.09871979329652096,0.09871979329652096,0.999088,0.996596,0.49584639072418213,19.175045013427734,0.9166666666666666,
vit_tiny_bpp_0_01_evade_l1,vit,tiny,bpp,0.01,0.9847685511503144,12,0.09651747764830634,0.10560435154881635,0.18182760575849277,0.18182760575849277,0.9979640000000001,0.9957120000000002,0.4792243540287018,29.21177864074707,0.8333333333333334,
vit_tiny_bpp_0_05,vit,tiny,bpp,0.05,0.9929989544196391,12,0.13727210207220084,0.1490625604761344,0.1903268640557539,0.1903268640557539,0.999184,0.9986959999999999,0.6012629270553589,18.182369232177734,0.8333333333333334,
vit_tiny_bpp_0_05_evade_l1,vit,tiny,bpp,0.05,0.99513704809646,12,0.13165549253723652,0.1412177348143049,0.2110821101502404,0.2110821101502404,0.999536,0.999536,0.36425095796585083,30.945117950439453,0.9166666666666666,
vit_tiny_bpp_0_1,vit,tiny,bpp,0.1,0.9977383146295328,12,0.13519653578465649,0.14725907447765973,0.19271066538696036,0.19271066538696036,0.999904,0.999876,0.5604611039161682,20.289527893066406,0.8333333333333334,
vit_tiny_bpp_0_1_evade_l1,vit,tiny,bpp,0.1,0.9953971763284069,12,0.0995948220436582,0.10164418027555278,0.17991470282564062,0.17991470282564062,0.999968,0.999896,0.4049655795097351,31.596548080444336,0.9166666666666666,
vit_tiny_lc_0_01_evade_l1,vit,tiny,lc,0.01,0.6959425142181358,12,0.6892398493097247,0.8407660061793933,0.7354886390600927,0.7354886390600927,1.0,1.0,0.01332450844347477,9.053681373596191,0.6666666666666666,
vit_tiny_lc_0_05,vit,tiny,lc,0.05,0.8626493572624153,12,0.8126407336880191,0.9559304248229086,0.7959548887127669,0.7959548887127669,0.999956,0.999248,0.2895078659057617,10.052210807800293,0.9166666666666666,
vit_tiny_lc_0_05_evade_l1,vit,tiny,lc,0.05,0.6891326655719433,12,0.6923728493615693,0.8239688458477271,0.7423271361323284,0.7423271361323284,1.0,0.999336,0.12009672820568085,8.742131233215332,0.8333333333333334,
vit_tiny_lc_0_1,vit,tiny,lc,0.1,0.7952021780301013,12,0.9236479029376681,0.9543577053342749,0.7567180539610446,0.7567180539610446,0.999704,0.999704,0.12103616446256638,8.19095516204834,0.9166666666666666,
vit_tiny_lc_0_1_evade_l1,vit,tiny,lc,0.1,0.7417042292117753,12,0.6017088628439318,0.9068753965694394,0.7210164871845481,0.7210164871845481,1.0,1.0,0.08849795162677765,9.297544479370117,0.75,
vit_tiny_lf_0_01,vit,tiny,lf,0.01,0.9592997508385772,12,0.16517483057836183,0.22016748479530487,0.25500366134760577,0.25500366134760577,0.9997,0.998876,0.5076816082000732,15.395906448364258,0.8333333333333334,
vit_tiny_lf_0_01_evade_l1,vit,tiny,lf,0.01,0.8307117181359215,12,0.2617539155278337,0.2617539155278337,0.30797900048998694,0.30797900048998694,0.999312,0.99848,0.4078730642795563,19.048389434814453,1.0,
vit_tiny_lf_0_05,vit,tiny,lf,0.05,0.9920124151794976,12,0.1995496680158815,0.21833873484717686,0.2150819336926381,0.2150819336926381,0.999988,0.999912,0.6138707995414734,19.445932388305664,0.9166666666666666,
vit_tiny_lf_0_05_evade_l1,vit,tiny,lf,0.05,0.8709738790242069,12,0.13766901312108387,0.13766901312108387,0.20458142249076472,0.20458142249076472,0.999856,0.999536,0.5262572765350342,29.854042053222656,1.0,
vit_tiny_lf_0_1,vit,tiny,lf,0.1,0.986125983869366,12,0.0889143911448278,0.12975537076977575,0.18909855677772744,0.18909855677772744,0.999988,0.9998079999999999,0.596354603767395,21.271642684936523,0.8333333333333334,
vit_tiny_lf_0_1_evade_l1,vit,tiny,lf,0.1,0.8589522780566523,12,0.11265293012174724,0.15641216454764875,0.27860975799420085,0.27860975799420085,0.999992,0.999976,0.3984532356262207,32.21503829956055,0.8333333333333334,
vit_tiny_sig_0_01_evade_l1,vit,tiny,sig,0.01,0.6127549327317201,12,0.7043871077136276,0.7991671839244022,0.6873441803560076,0.6873441803560076,0.99516,0.9853639999999999,0.12281414866447449,6.572777271270752,0.75,
vit_tiny_sig_0_05_evade_l1,vit,tiny,sig,0.05,0.6465112278136216,12,0.7627674764245044,0.7629461124205003,0.6632611579335556,0.6632611579335556,0.9971760000000001,0.98818,0.2560023069381714,7.481276512145996,0.9166666666666666,
vit_tiny_sig_0_1_evade_l1,vit,tiny,sig,0.1,0.641220677697032,12,0.8461467716419999,0.9019570702951859,0.7455571458039112,0.7455571458039112,0.995536,0.944312,0.4858129024505615,5.179963111877441,0.75,
vit_tiny_tact_0_01_evade_l1,vit,tiny,tact,0.01,0.5134667429023299,12,0.9558973037183652,0.9924048004748277,0.9856812885407568,0.9856812885407568,0.8981279999999999,0.874168,0.34613481163978577,2.1154732704162598,0.8333333333333334,
vit_tiny_tact_0_05_evade_l1,vit,tiny,tact,0.05,0.5086483717808638,12,0.9588710714450606,0.9946805828691871,0.9821166857788693,0.9823971072474695,0.9524279999999999,0.8703039999999999,0.24159356951713562,2.3034396171569824,0.8333333333333334,
vit_tiny_tact_0_1_evade_l1,vit,tiny,tact,0.1,0.5213178937961058,12,0.9367549770661365,1.0000182523893983,0.954478865409483,0.9765442528466995,0.9398000000000001,0.921168,0.3806455731391907,3.5145068168640137,0.9166666666666666,
vit_tiny_wanet_0_01_evade_l1,vit,tiny,wanet,0.01,0.5371788015034522,12,0.8981508184202033,0.9998227551263056,0.90985986228677,0.9344681984637846,0.947496,0.8704040000000001,0.5244798064231873,3.169602632522583,0.75,
vit_tiny_wanet_0_05,vit,tiny,wanet,0.05,0.974250146588526,12,0.12400710433055759,0.21285688676716566,0.27817039906487917,0.27817039906487917,0.9985999999999999,0.997552,0.5188744068145752,15.370131492614746,0.8333333333333334,
vit_tiny_wanet_0_05_evade_l1,vit,tiny,wanet,0.05,0.6397393059836234,12,0.11908207939018504,0.2670139208664673,0.2961771377212982,0.3976765563137524,0.998004,0.9929600000000001,0.455829918384552,17.36231231689453,0.8333333333333334,
vit_tiny_wanet_0_1,vit,tiny,wanet,0.1,0.9887861336592152,12,0.09128975396822496,0.2379847370560446,0.2533188329802811,0.33588234094278996,0.999652,0.999336,0.6862660646438599,18.543643951416016,0.8333333333333334,
vit_tiny_wanet_0_1_evade_l1,vit,tiny,wanet,0.1,0.7790376742496462,12,0.1100525245767733,0.14980580135594626,0.2770638019763071,0.2770638019763071,0.999572,0.999296,0.4341878890991211,28.081777572631836,0.8333333333333334,
